trial,structurally_viable,fragility_mirror_avg_student_ranking,fragility_mirror_std_student_ranking,fragility_mirror_median_student_ranking,fragility_mirror_iqr_student_ranking,fragility_mirror_student_satisfaction_percent,fragility_mirror_student_satisfaction_top4_percent,fragility_mirror_student_satisfaction_top5_percent,fragility_mirror_students_got_choice_1_count,fragility_mirror_students_got_choice_1_percent,fragility_mirror_students_got_choice_2_count,fragility_mirror_students_got_choice_2_percent,fragility_mirror_students_got_choice_3_count,fragility_mirror_students_got_choice_3_percent,fragility_mirror_students_got_choice_4_count,fragility_mirror_students_got_choice_4_percent,fragility_mirror_students_got_choice_5_count,fragility_mirror_students_got_choice_5_percent,fragility_mirror_students_got_choice_6_count,fragility_mirror_students_got_choice_6_percent
1,True,2.22,1.6648123017325407,2.0,1.0,84.0,86.0,86.0,22,44.0,17,34.0,3,6.0,1,2.0,0,0.0,7,14.000000000000002
2,True,2.14,1.6493635136015345,1.0,2.0,84.0,88.0,88.0,27,54.0,9,18.0,6,12.0,2,4.0,0,0.0,6,12.0
3,False,1.9183673469387754,1.5231108699628808,1.0,1.0,79.59183673469387,91.83673469387756,93.87755102040816,32,65.3061224489796,6,12.244897959183673,1,2.0408163265306123,6,12.244897959183673,1,2.0408163265306123,3,6.122448979591836
4,True,1.96,1.4136477637657834,1.0,1.0,86.0,92.0,94.0,27,54.0,12,24.0,4,8.0,3,6.0,1,2.0,3,6.0
5,True,1.86,1.3566134305689295,1.0,1.0,90.0,92.0,94.0,28,56.00000000000001,13,26.0,4,8.0,1,2.0,1,2.0,3,6.0
6,True,2.1,1.5264337522473748,1.0,1.75,82.0,88.0,94.0,26,52.0,11,22.0,4,8.0,3,6.0,3,6.0,3,6.0
7,False,2.04,1.441665703275208,1.0,1.75,84.0,92.0,94.0,26,52.0,11,22.0,5,10.0,4,8.0,1,2.0,3,6.0
8,True,1.96,1.3850631754544627,1.0,1.0,88.0,92.0,94.0,26,52.0,13,26.0,5,10.0,2,4.0,1,2.0,3,6.0
9,False,2.24,1.7499714283381886,1.0,2.0,76.0,84.0,90.0,29,57.99999999999999,5,10.0,4,8.0,4,8.0,3,6.0,5,10.0
10,True,1.98,1.5425952158618927,1.0,1.75,84.0,88.0,94.0,31,62.0,6,12.0,5,10.0,2,4.0,3,6.0,3,6.0
11,True,2.08,1.4119490075778232,2.0,1.0,84.0,92.0,94.0,23,46.0,15,30.0,4,8.0,4,8.0,1,2.0,3,6.0
12,True,1.92,1.5210522673465234,1.0,1.0,88.0,90.0,90.0,29,57.99999999999999,12,24.0,3,6.0,1,2.0,0,0.0,5,10.0
13,True,1.98,1.476346842716846,1.0,1.75,90.0,90.0,92.0,28,56.00000000000001,9,18.0,8,16.0,0,0.0,1,2.0,4,8.0
14,False,1.92,1.507846145997661,1.0,1.0,84.0,90.0,94.0,32,64.0,6,12.0,4,8.0,3,6.0,2,4.0,3,6.0
15,True,2.12,1.4918444959177213,1.5,2.0,82.0,90.0,94.0,25,50.0,11,22.0,5,10.0,4,8.0,2,4.0,3,6.0
16,True,1.92,1.2781236246936365,1.5,1.0,92.0,92.0,96.0,25,50.0,14,28.000000000000004,7,14.000000000000002,0,0.0,2,4.0,2,4.0
17,True,1.94,1.405844941663198,1.0,1.0,88.0,88.0,96.0,27,54.0,13,26.0,4,8.0,0,0.0,4,8.0,2,4.0
18,True,2.34,1.8720042734993956,1.0,1.75,76.0,80.0,84.0,26,52.0,11,22.0,1,2.0,2,4.0,2,4.0,8,16.0
19,True,2.36,1.6463292501805342,2.0,2.0,78.0,86.0,90.0,22,44.0,11,22.0,6,12.0,4,8.0,2,4.0,5,10.0
20,True,1.96,1.4416657032752078,1.0,1.0,88.0,92.0,92.0,27,54.0,12,24.0,5,10.0,2,4.0,0,0.0,4,8.0
21,False,2.1,1.6031219541881399,1.5,1.0,86.0,88.0,88.0,25,50.0,14,28.000000000000004,4,8.0,1,2.0,0,0.0,6,12.0
22,True,2.1,1.445683229480096,2.0,2.0,88.0,92.0,92.0,24,48.0,11,22.0,9,18.0,2,4.0,0,0.0,4,8.0
23,True,2.24,1.691862878604528,2.0,1.0,82.0,86.0,86.0,23,46.0,15,30.0,3,6.0,2,4.0,0,0.0,7,14.000000000000002
24,True,1.96,1.3994284547628721,1.0,1.75,86.0,94.0,94.0,28,56.00000000000001,9,18.0,6,12.0,4,8.0,0,0.0,3,6.0
25,False,2.22,1.6406096427852666,1.5,2.0,82.0,86.0,90.0,25,50.0,10,20.0,6,12.0,2,4.0,2,4.0,5,10.0
26,False,2.08,1.585433694608513,1.0,2.0,80.0,90.0,92.0,29,57.99999999999999,7,14.000000000000002,4,8.0,5,10.0,1,2.0,4,8.0
27,True,1.8,1.3711309200802089,1.0,1.0,88.0,92.0,94.0,30,60.0,13,26.0,1,2.0,2,4.0,1,2.0,3,6.0
28,False,1.98,1.4211263138792412,1.0,1.0,88.0,90.0,94.0,26,52.0,13,26.0,5,10.0,1,2.0,2,4.0,3,6.0
29,True,1.88,1.2905812643921342,1.0,1.0,88.0,94.0,96.0,27,54.0,13,26.0,4,8.0,3,6.0,1,2.0,2,4.0
30,True,1.86,1.2167168939404105,1.5,1.0,92.0,94.0,96.0,25,50.0,16,32.0,5,10.0,1,2.0,1,2.0,2,4.0
31,False,2.12,1.5315351775261319,1.0,2.0,80.0,90.0,94.0,27,54.0,8,16.0,5,10.0,5,10.0,2,4.0,3,6.0
32,True,1.9,1.4730919862656235,1.0,1.0,86.0,92.0,92.0,30,60.0,10,20.0,3,6.0,3,6.0,0,0.0,4,8.0
33,False,1.98,1.5810123339177335,1.0,1.0,82.0,88.0,92.0,30,60.0,10,20.0,1,2.0,3,6.0,2,4.0,4,8.0
34,False,2.2,1.5620499351813308,2.0,2.0,82.0,88.0,92.0,24,48.0,11,22.0,6,12.0,3,6.0,2,4.0,4,8.0
35,True,1.88,1.3362634470792052,1.0,1.0,90.0,94.0,94.0,28,56.00000000000001,11,22.0,6,12.0,2,4.0,0,0.0,3,6.0
36,True,1.8775510204081634,1.4089024974769964,1.0,1.0,87.75510204081633,91.83673469387756,93.87755102040816,29,59.183673469387756,10,20.408163265306122,4,8.16326530612245,2,4.081632653061225,1,2.0408163265306123,3,6.122448979591836
37,True,2.12,1.6079800993793423,1.0,1.0,82.0,88.0,90.0,26,52.0,12,24.0,3,6.0,3,6.0,1,2.0,5,10.0
38,True,1.86,1.5100993344810136,1.0,1.0,86.0,90.0,92.0,32,64.0,9,18.0,2,4.0,2,4.0,1,2.0,4,8.0
39,True,1.88,1.4372195378577344,1.0,1.0,90.0,90.0,92.0,28,56.00000000000001,14,28.000000000000004,3,6.0,0,0.0,1,2.0,4,8.0
40,False,1.9,1.4177446878757824,1.0,1.0,88.0,90.0,94.0,28,56.00000000000001,13,26.0,3,6.0,1,2.0,2,4.0,3,6.0
41,True,1.96,1.1825396399275587,2.0,1.0,92.0,96.0,96.0,22,44.0,16,32.0,8,16.0,2,4.0,0,0.0,2,4.0
42,True,2.2,1.6613247725836149,1.0,2.0,80.0,86.0,90.0,26,52.0,10,20.0,4,8.0,3,6.0,2,4.0,5,10.0
43,True,1.7959183673469388,1.3847506492806019,1.0,1.0,87.75510204081633,89.79591836734694,95.91836734693877,31,63.26530612244898,10,20.408163265306122,2,4.081632653061225,1,2.0408163265306123,3,6.122448979591836,2,4.081632653061225
44,True,1.82,1.3811589336495635,1.0,1.0,86.0,92.0,96.0,32,64.0,8,16.0,3,6.0,3,6.0,2,4.0,2,4.0
45,False,2.5,1.6155494421403511,2.0,2.0,76.0,86.0,90.0,18,36.0,13,26.0,7,14.000000000000002,5,10.0,2,4.0,5,10.0
46,False,2.02,1.4351306560728192,1.0,1.0,84.0,92.0,94.0,26,52.0,12,24.0,4,8.0,4,8.0,1,2.0,3,6.0
47,True,2.14,1.5363593329686906,2.0,1.75,84.0,88.0,92.0,24,48.0,13,26.0,5,10.0,2,4.0,2,4.0,4,8.0
48,True,2.24,1.68,1.0,2.0,84.0,86.0,88.0,26,52.0,7,14.000000000000002,9,18.0,1,2.0,1,2.0,6,12.0
49,True,2.28,1.7780888616714297,1.0,2.0,76.0,84.0,88.0,28,56.00000000000001,6,12.0,4,8.0,4,8.0,2,4.0,6,12.0
50,False,2.04,1.8434749794884662,1.0,1.0,82.0,84.0,84.0,35,70.0,3,6.0,3,6.0,1,2.0,0,0.0,8,16.0
51,True,1.84,1.3763720427268205,1.0,1.0,88.0,92.0,94.0,29,57.99999999999999,13,26.0,2,4.0,2,4.0,1,2.0,3,6.0
52,True,1.9,1.236931687685298,1.0,1.75,90.0,94.0,98.0,27,54.0,10,20.0,8,16.0,2,4.0,2,4.0,1,2.0
53,True,2.14,1.4423591785682233,2.0,2.0,84.0,92.0,94.0,24,48.0,10,20.0,8,16.0,4,8.0,1,2.0,3,6.0
54,True,2.28,1.6975276139138356,1.0,2.0,82.0,86.0,88.0,26,52.0,6,12.0,9,18.0,2,4.0,1,2.0,6,12.0
55,True,2.0,1.3711309200802089,1.0,2.0,88.0,94.0,94.0,26,52.0,10,20.0,8,16.0,3,6.0,0,0.0,3,6.0
56,True,1.94,1.4616429112474771,1.0,1.0,86.0,92.0,92.0,28,56.00000000000001,12,24.0,3,6.0,3,6.0,0,0.0,4,8.0
57,False,1.86,1.280781011726829,1.0,1.0,92.0,94.0,94.0,26,52.0,15,30.0,5,10.0,1,2.0,0,0.0,3,6.0
58,True,1.94,1.42,1.0,1.0,84.0,90.0,96.0,28,56.00000000000001,12,24.0,2,4.0,3,6.0,3,6.0,2,4.0
59,True,1.94,1.2232742946698423,2.0,1.0,90.0,96.0,96.0,24,48.0,14,28.000000000000004,7,14.000000000000002,3,6.0,0,0.0,2,4.0
60,False,1.94,1.3328165665236908,1.0,1.0,88.0,92.0,96.0,26,52.0,13,26.0,5,10.0,2,4.0,2,4.0,2,4.0
61,True,1.72,1.2496399481450648,1.0,1.0,92.0,92.0,98.0,33,66.0,7,14.000000000000002,6,12.0,0,0.0,3,6.0,1,2.0
62,True,1.9,1.445683229480096,1.0,1.0,88.0,92.0,92.0,29,57.99999999999999,11,22.0,4,8.0,2,4.0,0,0.0,4,8.0
63,False,2.28,1.6004999218994047,2.0,2.0,80.0,86.0,92.0,23,46.0,11,22.0,6,12.0,3,6.0,3,6.0,4,8.0
64,True,1.98,1.5683111936092273,1.0,1.0,84.0,90.0,90.0,29,57.99999999999999,11,22.0,2,4.0,3,6.0,0,0.0,5,10.0
65,True,1.98,1.303687079018581,1.0,2.0,86.0,94.0,98.0,27,54.0,8,16.0,8,16.0,4,8.0,2,4.0,1,2.0
66,True,2.0,1.4560219778561037,1.0,1.0,86.0,92.0,92.0,26,52.0,13,26.0,4,8.0,3,6.0,0,0.0,4,8.0
67,True,1.86,1.3268006632497586,1.0,1.0,84.0,92.0,98.0,29,57.99999999999999,12,24.0,1,2.0,4,8.0,3,6.0,1,2.0
68,True,1.66,0.9718024490605073,1.0,1.0,94.0,98.0,100.0,30,60.0,11,22.0,6,12.0,2,4.0,1,2.0,0,0.0
69,False,2.14,1.5493224325491448,2.0,1.0,86.0,88.0,90.0,23,46.0,15,30.0,5,10.0,1,2.0,1,2.0,5,10.0
70,True,1.9,1.4730919862656235,1.0,1.0,88.0,90.0,92.0,29,57.99999999999999,12,24.0,3,6.0,1,2.0,1,2.0,4,8.0
71,True,2.5,1.711724276862369,2.0,2.0,76.0,82.0,88.0,19,38.0,14,28.000000000000004,5,10.0,3,6.0,3,6.0,6,12.0
72,True,1.82,1.3370115930686612,1.0,1.0,92.0,94.0,94.0,31,62.0,7,14.000000000000002,8,16.0,1,2.0,0,0.0,3,6.0
73,True,1.96,1.3410443691392169,1.0,1.75,86.0,94.0,96.0,27,54.0,10,20.0,6,12.0,4,8.0,1,2.0,2,4.0
74,True,1.9,1.3601470508735443,1.0,1.0,80.0,92.0,100.0,31,62.0,7,14.000000000000002,2,4.0,6,12.0,4,8.0,0,0.0
75,True,1.94,1.3915459029439166,1.0,1.0,88.0,92.0,94.0,27,54.0,12,24.0,5,10.0,2,4.0,1,2.0,3,6.0
76,True,1.96,1.385063175454463,1.0,1.75,90.0,92.0,94.0,27,54.0,10,20.0,8,16.0,1,2.0,1,2.0,3,6.0
77,False,2.02,1.5164432069813891,1.0,1.0,84.0,88.0,94.0,28,56.00000000000001,10,20.0,4,8.0,2,4.0,3,6.0,3,6.0
78,False,2.02,1.5164432069813891,1.0,1.0,88.0,88.0,92.0,27,54.0,11,22.0,6,12.0,0,0.0,2,4.0,4,8.0
79,True,2.12,1.6809521111560555,1.0,2.0,82.0,86.0,90.0,30,60.0,5,10.0,6,12.0,2,4.0,2,4.0,5,10.0
80,False,1.96,1.4554724318928203,1.0,1.75,84.0,90.0,96.0,30,60.0,7,14.000000000000002,5,10.0,3,6.0,3,6.0,2,4.0
81,True,2.0,1.5491933384829668,1.0,1.0,82.0,90.0,92.0,29,57.99999999999999,10,20.0,2,4.0,4,8.0,1,2.0,4,8.0
82,True,1.94,1.302459212413195,1.0,2.0,90.0,94.0,96.0,27,54.0,9,18.0,9,18.0,2,4.0,1,2.0,2,4.0
83,True,1.76,1.1235657524150513,1.0,1.0,94.0,96.0,98.0,29,57.99999999999999,10,20.0,8,16.0,1,2.0,1,2.0,1,2.0
84,True,2.06,1.434015341619468,2.0,1.75,88.0,92.0,92.0,24,48.0,13,26.0,7,14.000000000000002,2,4.0,0,0.0,4,8.0
85,False,2.0,1.5620499351813308,1.0,1.0,86.0,90.0,90.0,29,57.99999999999999,9,18.0,5,10.0,2,4.0,0,0.0,5,10.0
86,True,1.74,1.3237824594698329,1.0,1.0,90.0,94.0,94.0,32,64.0,10,20.0,3,6.0,2,4.0,0,0.0,3,6.0
87,True,2.34,1.595117550527233,2.0,2.0,82.0,86.0,90.0,20,40.0,14,28.000000000000004,7,14.000000000000002,2,4.0,2,4.0,5,10.0
88,True,2.0,1.42828568570857,1.0,1.75,86.0,92.0,94.0,27,54.0,10,20.0,6,12.0,3,6.0,1,2.0,3,6.0
89,True,2.0,1.2806248474865698,2.0,1.0,88.0,94.0,96.0,23,46.0,15,30.0,6,12.0,3,6.0,1,2.0,2,4.0
90,True,2.16,1.6044936896105266,1.5,1.75,82.0,88.0,90.0,25,50.0,12,24.0,4,8.0,3,6.0,1,2.0,5,10.0
91,True,2.06,1.6298466185503468,1.0,1.0,82.0,88.0,90.0,29,57.99999999999999,9,18.0,3,6.0,3,6.0,1,2.0,5,10.0
92,True,1.92,1.3833293172632466,1.0,1.0,88.0,92.0,94.0,27,54.0,13,26.0,4,8.0,2,4.0,1,2.0,3,6.0
93,True,2.0,1.5491933384829668,1.0,1.0,86.0,90.0,90.0,28,56.00000000000001,11,22.0,4,8.0,2,4.0,0,0.0,5,10.0
94,False,2.28,1.5753094934012173,2.0,1.75,80.0,88.0,90.0,20,40.0,17,34.0,3,6.0,4,8.0,1,2.0,5,10.0
95,False,2.28,1.661806246227279,1.5,2.0,80.0,86.0,90.0,25,50.0,8,16.0,7,14.000000000000002,3,6.0,2,4.0,5,10.0
96,True,1.92,1.3242356285797479,1.0,1.0,84.0,94.0,96.0,26,52.0,15,30.0,1,2.0,5,10.0,1,2.0,2,4.0
97,True,2.04,1.482700239428051,1.5,1.0,86.0,90.0,92.0,25,50.0,14,28.000000000000004,4,8.0,2,4.0,1,2.0,4,8.0
98,True,1.84,1.4192955999368138,1.0,1.0,92.0,92.0,92.0,31,62.0,8,16.0,7,14.000000000000002,0,0.0,0,0.0,4,8.0
99,True,2.2,1.5491933384829668,1.5,2.0,82.0,90.0,92.0,25,50.0,8,16.0,8,16.0,4,8.0,1,2.0,4,8.0
100,True,2.26,1.7413787640832192,1.0,2.0,76.0,86.0,88.0,27,54.0,8,16.0,3,6.0,5,10.0,1,2.0,6,12.0
