trial,fill_first_avg_student_ranking,fill_first_std_student_ranking,fill_first_median_student_ranking,fill_first_iqr_student_ranking,fill_first_student_satisfaction_percent,fill_first_student_satisfaction_top4_percent,fill_first_student_satisfaction_top5_percent,fill_first_students_got_choice_1_count,fill_first_students_got_choice_1_percent,fill_first_students_got_choice_2_count,fill_first_students_got_choice_2_percent,fill_first_students_got_choice_3_count,fill_first_students_got_choice_3_percent,fill_first_students_got_choice_4_count,fill_first_students_got_choice_4_percent,fill_first_students_got_choice_5_count,fill_first_students_got_choice_5_percent,fill_first_students_got_choice_6_count,fill_first_students_got_choice_6_percent,rank_first_avg_student_ranking,rank_first_std_student_ranking,rank_first_median_student_ranking,rank_first_iqr_student_ranking,rank_first_student_satisfaction_percent,rank_first_student_satisfaction_top4_percent,rank_first_student_satisfaction_top5_percent,rank_first_students_got_choice_1_count,rank_first_students_got_choice_1_percent,rank_first_students_got_choice_2_count,rank_first_students_got_choice_2_percent,rank_first_students_got_choice_3_count,rank_first_students_got_choice_3_percent,rank_first_students_got_choice_4_count,rank_first_students_got_choice_4_percent,rank_first_students_got_choice_5_count,rank_first_students_got_choice_5_percent,rank_first_students_got_choice_6_count,rank_first_students_got_choice_6_percent,best_first_avg_student_ranking,best_first_std_student_ranking,best_first_median_student_ranking,best_first_iqr_student_ranking,best_first_student_satisfaction_percent,best_first_student_satisfaction_top4_percent,best_first_student_satisfaction_top5_percent,best_first_students_got_choice_1_count,best_first_students_got_choice_1_percent,best_first_students_got_choice_2_count,best_first_students_got_choice_2_percent,best_first_students_got_choice_3_count,best_first_students_got_choice_3_percent,best_first_students_got_choice_4_count,best_first_students_got_choice_4_percent,best_first_students_got_choice_5_count,best_first_students_got_choice_5_percent,best_first_students_got_choice_6_count,best_first_students_got_choice_6_percent,fragility_mirror_avg_student_ranking,fragility_mirror_std_student_ranking,fragility_mirror_median_student_ranking,fragility_mirror_iqr_student_ranking,fragility_mirror_student_satisfaction_percent,fragility_mirror_student_satisfaction_top4_percent,fragility_mirror_student_satisfaction_top5_percent,fragility_mirror_students_got_choice_1_count,fragility_mirror_students_got_choice_1_percent,fragility_mirror_students_got_choice_2_count,fragility_mirror_students_got_choice_2_percent,fragility_mirror_students_got_choice_3_count,fragility_mirror_students_got_choice_3_percent,fragility_mirror_students_got_choice_4_count,fragility_mirror_students_got_choice_4_percent,fragility_mirror_students_got_choice_5_count,fragility_mirror_students_got_choice_5_percent,fragility_mirror_students_got_choice_6_count,fragility_mirror_students_got_choice_6_percent
1,2.2666666666666666,1.7876116903722563,1.5,1.75,83.33333333333334,83.33333333333334,83.33333333333334,15,50.0,7,23.333333333333332,3,10.0,0,0.0,0,0.0,5,16.666666666666664,1.8666666666666667,1.5648926125740668,1.0,1.0,86.66666666666667,90.0,90.0,20,66.66666666666666,4,13.333333333333334,2,6.666666666666667,1,3.3333333333333335,0,0.0,3,10.0,1.9333333333333333,1.5260697523012796,1.0,1.0,90.0,90.0,90.0,18,60.0,5,16.666666666666664,4,13.333333333333334,0,0.0,0,0.0,3,10.0,2.1666666666666665,1.6947631758514883,1.0,1.75,83.33333333333334,86.66666666666667,86.66666666666667,16,53.333333333333336,6,20.0,3,10.0,1,3.3333333333333335,0,0.0,4,13.333333333333334
2,2.566666666666667,1.7259457954666158,2.0,2.0,80.0,83.33333333333334,83.33333333333334,10,33.33333333333333,9,30.0,5,16.666666666666664,1,3.3333333333333335,0,0.0,5,16.666666666666664,2.2333333333333334,1.7829438827088442,1.5,1.0,83.33333333333334,83.33333333333334,83.33333333333334,15,50.0,8,26.666666666666668,2,6.666666666666667,0,0.0,0,0.0,5,16.666666666666664,2.466666666666667,1.927577639306795,2.0,1.0,76.66666666666667,76.66666666666667,80.0,13,43.333333333333336,10,33.33333333333333,0,0.0,0,0.0,1,3.3333333333333335,6,20.0,2.7666666666666666,1.92671280221579,2.0,3.0,66.66666666666666,76.66666666666667,80.0,11,36.666666666666664,8,26.666666666666668,1,3.3333333333333335,3,10.0,1,3.3333333333333335,6,20.0
3,2.5,1.707825127659933,2.0,2.0,83.33333333333334,83.33333333333334,83.33333333333334,10,33.33333333333333,10,33.33333333333333,5,16.666666666666664,0,0.0,0,0.0,5,16.666666666666664,2.1333333333333333,1.6679994670929073,1.0,1.75,86.66666666666667,86.66666666666667,86.66666666666667,16,53.333333333333336,6,20.0,4,13.333333333333334,0,0.0,0,0.0,4,13.333333333333334,2.466666666666667,1.9102065042525873,2.0,2.0,76.66666666666667,80.0,80.0,14,46.666666666666664,7,23.333333333333332,2,6.666666666666667,1,3.3333333333333335,0,0.0,6,20.0,2.566666666666667,1.8381754238616317,2.0,2.0,80.0,80.0,80.0,11,36.666666666666664,9,30.0,4,13.333333333333334,0,0.0,0,0.0,6,20.0
4,2.6666666666666665,1.3984117975602022,2.0,1.0,80.0,86.66666666666667,93.33333333333333,6,20.0,10,33.33333333333333,8,26.666666666666668,2,6.666666666666667,2,6.666666666666667,2,6.666666666666667,2.033333333333333,1.5595583420386112,1.0,1.0,83.33333333333334,90.0,90.0,16,53.333333333333336,8,26.666666666666668,1,3.3333333333333335,2,6.666666666666667,0,0.0,3,10.0,2.2666666666666666,1.6519348924485158,2.0,1.75,76.66666666666667,86.66666666666667,90.0,14,46.666666666666664,8,26.666666666666668,1,3.3333333333333335,3,10.0,1,3.3333333333333335,3,10.0,2.933333333333333,1.896195020443719,2.0,3.0,70.0,76.66666666666667,76.66666666666667,9,30.0,7,23.333333333333332,5,16.666666666666664,2,6.666666666666667,0,0.0,7,23.333333333333332
5,2.8,1.9218047073866102,2.0,2.75,73.33333333333333,76.66666666666667,76.66666666666667,10,33.33333333333333,8,26.666666666666668,4,13.333333333333334,1,3.3333333333333335,0,0.0,7,23.333333333333332,2.1666666666666665,1.6141733350404335,1.0,2.0,80.0,90.0,90.0,16,53.333333333333336,5,16.666666666666664,3,10.0,3,10.0,0,0.0,3,10.0,2.433333333333333,1.8562207723101138,2.0,2.0,76.66666666666667,80.0,83.33333333333334,14,46.666666666666664,7,23.333333333333332,2,6.666666666666667,1,3.3333333333333335,1,3.3333333333333335,5,16.666666666666664,2.466666666666667,1.8926759422104522,1.5,2.75,73.33333333333333,80.0,83.33333333333334,15,50.0,5,16.666666666666664,2,6.666666666666667,2,6.666666666666667,1,3.3333333333333335,5,16.666666666666664
6,2.7333333333333334,1.6110727964792764,2.0,1.0,76.66666666666667,83.33333333333334,86.66666666666667,7,23.333333333333332,10,33.33333333333333,6,20.0,2,6.666666666666667,1,3.3333333333333335,4,13.333333333333334,2.3333333333333335,1.8856180831641265,1.0,1.75,76.66666666666667,80.0,83.33333333333334,16,53.333333333333336,6,20.0,1,3.3333333333333335,1,3.3333333333333335,1,3.3333333333333335,5,16.666666666666664,2.2666666666666666,1.8061622912192088,1.5,1.0,80.0,83.33333333333334,83.33333333333334,15,50.0,8,26.666666666666668,1,3.3333333333333335,1,3.3333333333333335,0,0.0,5,16.666666666666664,2.6666666666666665,1.903213656482693,2.0,3.0,70.0,80.0,80.0,12,40.0,7,23.333333333333332,2,6.666666666666667,3,10.0,0,0.0,6,20.0
7,2.533333333333333,1.8571184369578826,2.0,2.0,80.0,80.0,80.0,12,40.0,8,26.666666666666668,4,13.333333333333334,0,0.0,0,0.0,6,20.0,1.9666666666666666,1.5162087220725546,1.0,1.0,83.33333333333334,90.0,93.33333333333333,18,60.0,5,16.666666666666664,2,6.666666666666667,2,6.666666666666667,1,3.3333333333333335,2,6.666666666666667,1.9666666666666666,1.4715826703096075,1.0,1.0,86.66666666666667,90.0,93.33333333333333,17,56.666666666666664,6,20.0,3,10.0,1,3.3333333333333335,1,3.3333333333333335,2,6.666666666666667,2.4,1.7243356208503418,2.0,2.75,73.33333333333333,86.66666666666667,86.66666666666667,13,43.333333333333336,8,26.666666666666668,1,3.3333333333333335,4,13.333333333333334,0,0.0,4,13.333333333333334
8,2.466666666666667,1.70749979664876,2.0,2.0,83.33333333333334,83.33333333333334,83.33333333333334,10,33.33333333333333,11,36.666666666666664,4,13.333333333333334,0,0.0,0,0.0,5,16.666666666666664,2.1,1.491084616423003,2.0,1.75,90.0,90.0,90.0,14,46.666666666666664,8,26.666666666666668,5,16.666666666666664,0,0.0,0,0.0,3,10.0,2.1,1.491084616423003,2.0,1.75,90.0,90.0,90.0,14,46.666666666666664,8,26.666666666666668,5,16.666666666666664,0,0.0,0,0.0,3,10.0,2.466666666666667,1.586050300449376,2.0,2.0,86.66666666666667,86.66666666666667,86.66666666666667,10,33.33333333333333,8,26.666666666666668,8,26.666666666666668,0,0.0,0,0.0,4,13.333333333333334
9,2.6,1.8366636418607882,2.0,2.75,73.33333333333333,80.0,83.33333333333334,12,40.0,7,23.333333333333332,3,10.0,2,6.666666666666667,1,3.3333333333333335,5,16.666666666666664,2.033333333333333,1.5380362660079103,1.0,2.0,90.0,90.0,90.0,17,56.666666666666664,4,13.333333333333334,6,20.0,0,0.0,0,0.0,3,10.0,2.3333333333333335,1.8135294011647258,1.5,2.0,80.0,83.33333333333334,83.33333333333334,15,50.0,6,20.0,3,10.0,1,3.3333333333333335,0,0.0,5,16.666666666666664,2.8,1.886796226411321,2.0,3.0,66.66666666666666,76.66666666666667,83.33333333333334,12,40.0,4,13.333333333333334,4,13.333333333333334,3,10.0,2,6.666666666666667,5,16.666666666666664
10,2.8333333333333335,1.790406533599438,2.5,2.0,76.66666666666667,80.0,80.0,9,30.0,6,20.0,8,26.666666666666668,1,3.3333333333333335,0,0.0,6,20.0,2.3333333333333335,1.7950549357115013,1.5,2.0,83.33333333333334,83.33333333333334,83.33333333333334,15,50.0,5,16.666666666666664,5,16.666666666666664,0,0.0,0,0.0,5,16.666666666666664,2.533333333333333,1.9447936194419764,2.0,2.0,76.66666666666667,76.66666666666667,80.0,14,46.666666666666664,6,20.0,3,10.0,0,0.0,1,3.3333333333333335,6,20.0,2.8666666666666667,1.8749814813900312,2.0,3.0,63.33333333333333,76.66666666666667,83.33333333333334,11,36.666666666666664,5,16.666666666666664,3,10.0,4,13.333333333333334,2,6.666666666666667,5,16.666666666666664
11,2.8,1.886796226411321,2.0,2.75,73.33333333333333,76.66666666666667,80.0,11,36.666666666666664,5,16.666666666666664,6,20.0,1,3.3333333333333335,1,3.3333333333333335,6,20.0,2.1,1.619670748434179,1.0,1.75,80.0,90.0,90.0,17,56.666666666666664,5,16.666666666666664,2,6.666666666666667,3,10.0,0,0.0,3,10.0,2.3,1.7916472867168918,1.0,2.0,76.66666666666667,83.33333333333334,86.66666666666667,16,53.333333333333336,5,16.666666666666664,2,6.666666666666667,2,6.666666666666667,1,3.3333333333333335,4,13.333333333333334,2.8333333333333335,1.9507833184532708,2.0,3.0,63.33333333333333,76.66666666666667,80.0,12,40.0,5,16.666666666666664,2,6.666666666666667,4,13.333333333333334,1,3.3333333333333335,6,20.0
12,2.6333333333333333,1.6629959577688562,2.0,2.0,80.0,83.33333333333334,86.66666666666667,10,33.33333333333333,6,20.0,8,26.666666666666668,1,3.3333333333333335,1,3.3333333333333335,4,13.333333333333334,2.3333333333333335,1.8499249234015478,1.5,1.75,80.0,80.0,83.33333333333334,15,50.0,7,23.333333333333332,2,6.666666666666667,0,0.0,1,3.3333333333333335,5,16.666666666666664,2.2666666666666666,1.6519348924485158,2.0,1.75,83.33333333333334,86.66666666666667,86.66666666666667,13,43.333333333333336,9,30.0,3,10.0,1,3.3333333333333335,0,0.0,4,13.333333333333334,2.966666666666667,1.8162843634433705,2.0,3.5,66.66666666666666,73.33333333333333,83.33333333333334,8,26.666666666666668,8,26.666666666666668,4,13.333333333333334,2,6.666666666666667,3,10.0,5,16.666666666666664
13,2.6333333333333333,1.7026123718829511,2.0,2.0,80.0,80.0,86.66666666666667,10,33.33333333333333,7,23.333333333333332,7,23.333333333333332,0,0.0,2,6.666666666666667,4,13.333333333333334,2.2,1.5577761927397231,2.0,2.0,83.33333333333334,90.0,90.0,14,46.666666666666664,7,23.333333333333332,4,13.333333333333334,2,6.666666666666667,0,0.0,3,10.0,2.2333333333333334,1.54236470683457,2.0,2.0,83.33333333333334,90.0,90.0,13,43.333333333333336,8,26.666666666666668,4,13.333333333333334,2,6.666666666666667,0,0.0,3,10.0,2.933333333333333,1.8061622912192088,3.0,3.0,63.33333333333333,80.0,83.33333333333334,10,33.33333333333333,4,13.333333333333334,5,16.666666666666664,5,16.666666666666664,1,3.3333333333333335,5,16.666666666666664
14,2.7,1.7916472867168916,2.0,2.0,80.0,80.0,80.0,9,30.0,9,30.0,6,20.0,0,0.0,0,0.0,6,20.0,1.9666666666666666,1.5595583420386112,1.0,1.0,86.66666666666667,90.0,90.0,18,60.0,5,16.666666666666664,3,10.0,1,3.3333333333333335,0,0.0,3,10.0,1.9666666666666666,1.3780017739062924,1.0,1.75,90.0,93.33333333333333,93.33333333333333,16,53.333333333333336,6,20.0,5,16.666666666666664,1,3.3333333333333335,0,0.0,2,6.666666666666667,2.3,1.5088627063675033,2.0,2.0,83.33333333333334,90.0,90.0,11,36.666666666666664,10,33.33333333333333,4,13.333333333333334,2,6.666666666666667,0,0.0,3,10.0
15,2.6666666666666665,1.577621275493231,2.0,2.75,73.33333333333333,86.66666666666667,90.0,9,30.0,7,23.333333333333332,6,20.0,4,13.333333333333334,1,3.3333333333333335,3,10.0,2.2666666666666666,1.8245242911205344,1.0,2.0,76.66666666666667,83.33333333333334,86.66666666666667,18,60.0,2,6.666666666666667,3,10.0,2,6.666666666666667,1,3.3333333333333335,4,13.333333333333334,2.2666666666666666,1.6719914938645934,1.5,2.0,76.66666666666667,86.66666666666667,90.0,15,50.0,6,20.0,2,6.666666666666667,3,10.0,1,3.3333333333333335,3,10.0,2.8333333333333335,1.8454147380888546,3.0,3.0,66.66666666666666,80.0,83.33333333333334,12,40.0,2,6.666666666666667,6,20.0,4,13.333333333333334,1,3.3333333333333335,5,16.666666666666664
16,2.7,1.9,2.0,3.0,70.0,76.66666666666667,83.33333333333334,13,43.333333333333336,4,13.333333333333334,4,13.333333333333334,2,6.666666666666667,2,6.666666666666667,5,16.666666666666664,2.1666666666666665,1.7527755766846542,1.0,1.75,83.33333333333334,83.33333333333334,86.66666666666667,17,56.666666666666664,5,16.666666666666664,3,10.0,0,0.0,1,3.3333333333333335,4,13.333333333333334,2.2666666666666666,1.806162291219209,1.0,1.75,80.0,80.0,86.66666666666667,16,53.333333333333336,6,20.0,2,6.666666666666667,0,0.0,2,6.666666666666667,4,13.333333333333334,2.966666666666667,2.0893911925619757,2.0,4.75,63.33333333333333,70.0,73.33333333333333,12,40.0,5,16.666666666666664,2,6.666666666666667,2,6.666666666666667,1,3.3333333333333335,8,26.666666666666668
17,2.3333333333333335,1.5563490039905004,2.0,2.0,80.0,90.0,90.0,12,40.0,8,26.666666666666668,4,13.333333333333334,3,10.0,0,0.0,3,10.0,2.1333333333333333,1.7269111795984826,1.0,1.0,80.0,86.66666666666667,86.66666666666667,17,56.666666666666664,6,20.0,1,3.3333333333333335,2,6.666666666666667,0,0.0,4,13.333333333333334,2.1666666666666665,1.5509853498842454,2.0,1.75,83.33333333333334,90.0,90.0,14,46.666666666666664,8,26.666666666666668,3,10.0,2,6.666666666666667,0,0.0,3,10.0,2.6,1.9595917942265426,1.5,3.0,66.66666666666666,76.66666666666667,83.33333333333334,15,50.0,4,13.333333333333334,1,3.3333333333333335,3,10.0,2,6.666666666666667,5,16.666666666666664
18,2.5,1.5,2.0,2.0,80.0,90.0,90.0,9,30.0,9,30.0,6,20.0,3,10.0,0,0.0,3,10.0,2.066666666666667,1.5040685563571303,1.0,1.75,83.33333333333334,90.0,93.33333333333333,16,53.333333333333336,6,20.0,3,10.0,2,6.666666666666667,1,3.3333333333333335,2,6.666666666666667,2.2666666666666666,1.6918103387266028,1.0,2.0,76.66666666666667,86.66666666666667,90.0,16,53.333333333333336,4,13.333333333333334,3,10.0,3,10.0,1,3.3333333333333335,3,10.0,2.7666666666666666,1.9093337988826249,2.0,2.75,73.33333333333333,76.66666666666667,80.0,12,40.0,4,13.333333333333334,6,20.0,1,3.3333333333333335,1,3.3333333333333335,6,20.0
19,2.533333333333333,1.7269111795984824,2.0,2.75,73.33333333333333,83.33333333333334,86.66666666666667,11,36.666666666666664,9,30.0,2,6.666666666666667,3,10.0,1,3.3333333333333335,4,13.333333333333334,2.1666666666666665,1.7904065335994381,1.0,2.0,76.66666666666667,86.66666666666667,86.66666666666667,19,63.33333333333333,2,6.666666666666667,2,6.666666666666667,3,10.0,0,0.0,4,13.333333333333334,2.2333333333333334,1.7065234314893605,1.5,1.75,80.0,86.66666666666667,86.66666666666667,15,50.0,7,23.333333333333332,2,6.666666666666667,2,6.666666666666667,0,0.0,4,13.333333333333334,2.8333333333333335,2.0507451220362696,2.0,4.5,70.0,73.33333333333333,73.33333333333333,12,40.0,6,20.0,3,10.0,1,3.3333333333333335,0,0.0,8,26.666666666666668
20,2.2666666666666666,1.5260697523012796,2.0,2.0,83.33333333333334,90.0,90.0,12,40.0,9,30.0,4,13.333333333333334,2,6.666666666666667,0,0.0,3,10.0,2.1333333333333333,1.687865186822955,1.0,2.0,80.0,86.66666666666667,90.0,18,60.0,3,10.0,3,10.0,2,6.666666666666667,1,3.3333333333333335,3,10.0,2.1333333333333333,1.586050300449376,1.0,1.75,80.0,86.66666666666667,93.33333333333333,16,53.333333333333336,6,20.0,2,6.666666666666667,2,6.666666666666667,2,6.666666666666667,2,6.666666666666667,2.933333333333333,2.0483055327649624,2.0,4.75,70.0,70.0,73.33333333333333,11,36.666666666666664,6,20.0,4,13.333333333333334,0,0.0,1,3.3333333333333335,8,26.666666666666668
21,2.3666666666666667,1.7978382080215733,2.0,2.0,80.0,83.33333333333334,83.33333333333334,14,46.666666666666664,7,23.333333333333332,3,10.0,1,3.3333333333333335,0,0.0,5,16.666666666666664,1.8666666666666667,1.4313940369055926,1.0,1.0,86.66666666666667,93.33333333333333,93.33333333333333,19,63.33333333333333,4,13.333333333333334,3,10.0,2,6.666666666666667,0,0.0,2,6.666666666666667,2.1,1.6802777548171413,1.0,1.75,80.0,86.66666666666667,90.0,18,60.0,4,13.333333333333334,2,6.666666666666667,2,6.666666666666667,1,3.3333333333333335,3,10.0,2.2666666666666666,1.6110727964792764,2.0,2.0,76.66666666666667,90.0,90.0,14,46.666666666666664,7,23.333333333333332,2,6.666666666666667,4,13.333333333333334,0,0.0,3,10.0
22,2.7333333333333334,1.730767331432956,2.0,3.0,70.0,80.0,86.66666666666667,9,30.0,9,30.0,3,10.0,3,10.0,2,6.666666666666667,4,13.333333333333334,2.3,1.8101565309847285,1.5,1.75,80.0,83.33333333333334,83.33333333333334,15,50.0,7,23.333333333333332,2,6.666666666666667,1,3.3333333333333335,0,0.0,5,16.666666666666664,2.2666666666666666,1.7113996870657915,1.5,2.0,80.0,86.66666666666667,86.66666666666667,15,50.0,6,20.0,3,10.0,2,6.666666666666667,0,0.0,4,13.333333333333334,2.8333333333333335,1.8454147380888546,2.0,3.0,70.0,80.0,80.0,10,33.33333333333333,6,20.0,5,16.666666666666664,3,10.0,0,0.0,6,20.0
23,2.8,1.9561867668161614,2.0,3.5,73.33333333333333,73.33333333333333,76.66666666666667,10,33.33333333333333,9,30.0,3,10.0,0,0.0,1,3.3333333333333335,7,23.333333333333332,2.2,1.6812693617224657,1.5,1.75,83.33333333333334,86.66666666666667,86.66666666666667,15,50.0,7,23.333333333333332,3,10.0,1,3.3333333333333335,0,0.0,4,13.333333333333334,2.3333333333333335,1.7950549357115013,2.0,1.75,80.0,83.33333333333334,83.33333333333334,14,46.666666666666664,8,26.666666666666668,2,6.666666666666667,1,3.3333333333333335,0,0.0,5,16.666666666666664,2.7,2.0024984394500787,2.0,3.0,70.0,76.66666666666667,76.66666666666667,13,43.333333333333336,6,20.0,2,6.666666666666667,2,6.666666666666667,0,0.0,7,23.333333333333332
24,2.4,1.6852299546352716,2.0,1.75,80.0,83.33333333333334,86.66666666666667,11,36.666666666666664,11,36.666666666666664,2,6.666666666666667,1,3.3333333333333335,1,3.3333333333333335,4,13.333333333333334,2.0,1.7126976771553504,1.0,1.0,83.33333333333334,86.66666666666667,86.66666666666667,19,63.33333333333333,5,16.666666666666664,1,3.3333333333333335,1,3.3333333333333335,0,0.0,4,13.333333333333334,2.2333333333333334,1.9093337988826249,1.0,1.0,76.66666666666667,80.0,83.33333333333334,18,60.0,5,16.666666666666664,0,0.0,1,3.3333333333333335,1,3.3333333333333335,5,16.666666666666664,2.7666666666666666,2.108448613449129,2.0,4.5,66.66666666666666,73.33333333333333,73.33333333333333,14,46.666666666666664,5,16.666666666666664,1,3.3333333333333335,2,6.666666666666667,0,0.0,8,26.666666666666668
25,2.6666666666666665,1.7384539747207062,2.0,3.0,70.0,80.0,90.0,12,40.0,4,13.333333333333334,5,16.666666666666664,3,10.0,3,10.0,3,10.0,2.3,1.9,1.0,1.75,76.66666666666667,80.0,83.33333333333334,17,56.666666666666664,5,16.666666666666664,1,3.3333333333333335,1,3.3333333333333335,1,3.3333333333333335,5,16.666666666666664,2.433333333333333,1.9439364415764444,1.0,2.0,76.66666666666667,80.0,80.0,16,53.333333333333336,4,13.333333333333334,3,10.0,1,3.3333333333333335,0,0.0,6,20.0,2.7333333333333334,1.9482185594936612,2.0,3.75,66.66666666666666,73.33333333333333,83.33333333333334,13,43.333333333333336,5,16.666666666666664,2,6.666666666666667,2,6.666666666666667,3,10.0,5,16.666666666666664
26,2.466666666666667,1.3097921802925667,2.0,1.0,83.33333333333334,93.33333333333333,93.33333333333333,7,23.333333333333332,11,36.666666666666664,7,23.333333333333332,3,10.0,0,0.0,2,6.666666666666667,1.9666666666666666,1.3034143197344767,1.5,1.0,86.66666666666667,93.33333333333333,96.66666666666667,15,50.0,8,26.666666666666668,3,10.0,2,6.666666666666667,1,3.3333333333333335,1,3.3333333333333335,2.1666666666666665,1.6346933113652304,1.5,1.0,80.0,86.66666666666667,90.0,15,50.0,8,26.666666666666668,1,3.3333333333333335,2,6.666666666666667,1,3.3333333333333335,3,10.0,2.566666666666667,1.8015425489162213,2.0,2.0,76.66666666666667,80.0,83.33333333333334,11,36.666666666666664,9,30.0,3,10.0,1,3.3333333333333335,1,3.3333333333333335,5,16.666666666666664
27,2.433333333333333,1.7065234314893605,2.0,2.0,80.0,83.33333333333334,86.66666666666667,12,40.0,8,26.666666666666668,4,13.333333333333334,1,3.3333333333333335,1,3.3333333333333335,4,13.333333333333334,2.066666666666667,1.6519348924485158,1.0,1.75,83.33333333333334,86.66666666666667,90.0,18,60.0,4,13.333333333333334,3,10.0,1,3.3333333333333335,1,3.3333333333333335,3,10.0,2.3,1.9519221295943134,1.0,2.0,80.0,80.0,80.0,18,60.0,3,10.0,3,10.0,0,0.0,0,0.0,6,20.0,2.3,1.5737428845483836,2.0,2.0,80.0,90.0,90.0,13,43.333333333333336,7,23.333333333333332,4,13.333333333333334,3,10.0,0,0.0,3,10.0
28,2.8666666666666667,1.8749814813900312,2.0,3.5,70.0,73.33333333333333,80.0,8,26.666666666666668,11,36.666666666666664,2,6.666666666666667,1,3.3333333333333335,2,6.666666666666667,6,20.0,2.2,1.6206994374857624,2.0,1.0,80.0,86.66666666666667,90.0,14,46.666666666666664,9,30.0,1,3.3333333333333335,2,6.666666666666667,1,3.3333333333333335,3,10.0,2.3666666666666667,1.7413277182145301,2.0,1.75,76.66666666666667,83.33333333333334,86.66666666666667,13,43.333333333333336,9,30.0,1,3.3333333333333335,2,6.666666666666667,1,3.3333333333333335,4,13.333333333333334,2.466666666666667,1.7269111795984826,2.0,2.0,76.66666666666667,83.33333333333334,86.66666666666667,12,40.0,8,26.666666666666668,3,10.0,2,6.666666666666667,1,3.3333333333333335,4,13.333333333333334
29,2.6666666666666665,1.7763883459298968,2.0,3.0,66.66666666666666,76.66666666666667,90.0,11,36.666666666666664,8,26.666666666666668,1,3.3333333333333335,3,10.0,4,13.333333333333334,3,10.0,2.033333333333333,1.5807874268505837,1.0,1.0,83.33333333333334,90.0,90.0,17,56.666666666666664,6,20.0,2,6.666666666666667,2,6.666666666666667,0,0.0,3,10.0,2.0,1.3165611772087666,1.5,1.0,83.33333333333334,90.0,100.0,15,50.0,8,26.666666666666668,2,6.666666666666667,2,6.666666666666667,3,10.0,0,0.0,2.433333333333333,1.7641491496532324,2.0,2.75,73.33333333333333,83.33333333333334,86.66666666666667,13,43.333333333333336,8,26.666666666666668,1,3.3333333333333335,3,10.0,1,3.3333333333333335,4,13.333333333333334
30,2.6,1.645195023900409,2.0,2.0,83.33333333333334,83.33333333333334,86.66666666666667,10,33.33333333333333,6,20.0,9,30.0,0,0.0,1,3.3333333333333335,4,13.333333333333334,2.2666666666666666,1.6519348924485158,2.0,2.0,83.33333333333334,83.33333333333334,90.0,14,46.666666666666664,7,23.333333333333332,4,13.333333333333334,0,0.0,2,6.666666666666667,3,10.0,2.3333333333333335,1.5776212754932308,2.0,2.0,83.33333333333334,86.66666666666667,90.0,12,40.0,8,26.666666666666668,5,16.666666666666664,1,3.3333333333333335,1,3.3333333333333335,3,10.0,2.8666666666666667,1.839081896551163,2.0,2.75,73.33333333333333,76.66666666666667,80.0,9,30.0,7,23.333333333333332,6,20.0,1,3.3333333333333335,1,3.3333333333333335,6,20.0
31,2.3333333333333335,1.6996731711975948,2.0,2.0,80.0,86.66666666666667,86.66666666666667,14,46.666666666666664,6,20.0,4,13.333333333333334,2,6.666666666666667,0,0.0,4,13.333333333333334,1.8,1.4922019523732928,1.0,1.0,86.66666666666667,90.0,93.33333333333333,21,70.0,3,10.0,2,6.666666666666667,1,3.3333333333333335,1,3.3333333333333335,2,6.666666666666667,1.9666666666666666,1.601735170231195,1.0,1.0,83.33333333333334,90.0,90.0,19,63.33333333333333,4,13.333333333333334,2,6.666666666666667,2,6.666666666666667,0,0.0,3,10.0,2.3333333333333335,1.7950549357115013,1.0,2.75,73.33333333333333,86.66666666666667,86.66666666666667,17,56.666666666666664,2,6.666666666666667,3,10.0,4,13.333333333333334,0,0.0,4,13.333333333333334
32,2.6,1.7243356208503418,2.0,2.0,80.0,83.33333333333334,83.33333333333334,10,33.33333333333333,8,26.666666666666668,6,20.0,1,3.3333333333333335,0,0.0,5,16.666666666666664,2.2333333333333334,1.7259457954666158,1.5,1.75,83.33333333333334,83.33333333333334,86.66666666666667,15,50.0,7,23.333333333333332,3,10.0,0,0.0,1,3.3333333333333335,4,13.333333333333334,2.6666666666666665,1.9888578520235065,2.0,3.75,70.0,73.33333333333333,80.0,13,43.333333333333336,7,23.333333333333332,1,3.3333333333333335,1,3.3333333333333335,2,6.666666666666667,6,20.0,3.033333333333333,2.121058435991071,2.0,5.0,66.66666666666666,66.66666666666666,70.0,11,36.666666666666664,6,20.0,3,10.0,0,0.0,1,3.3333333333333335,9,30.0
33,2.8,1.9561867668161612,2.0,3.5,73.33333333333333,73.33333333333333,76.66666666666667,10,33.33333333333333,9,30.0,3,10.0,0,0.0,1,3.3333333333333335,7,23.333333333333332,2.2333333333333334,1.8015425489162213,1.0,1.75,76.66666666666667,83.33333333333334,86.66666666666667,17,56.666666666666664,5,16.666666666666664,1,3.3333333333333335,2,6.666666666666667,1,3.3333333333333335,4,13.333333333333334,2.3666666666666667,1.87053171287976,1.0,2.75,73.33333333333333,83.33333333333334,83.33333333333334,16,53.333333333333336,5,16.666666666666664,1,3.3333333333333335,3,10.0,0,0.0,5,16.666666666666664,2.6333333333333333,1.9405039437103844,2.0,2.75,73.33333333333333,76.66666666666667,80.0,13,43.333333333333336,6,20.0,3,10.0,1,3.3333333333333335,1,3.3333333333333335,6,20.0
34,2.533333333333333,1.7074997966487597,2.0,2.0,80.0,80.0,86.66666666666667,10,33.33333333333333,10,33.33333333333333,4,13.333333333333334,0,0.0,2,6.666666666666667,4,13.333333333333334,2.033333333333333,1.3780017739062924,2.0,1.0,86.66666666666667,93.33333333333333,93.33333333333333,14,46.666666666666664,9,30.0,3,10.0,2,6.666666666666667,0,0.0,2,6.666666666666667,2.2,1.5790292376436015,2.0,1.75,80.0,90.0,90.0,14,46.666666666666664,8,26.666666666666668,2,6.666666666666667,3,10.0,0,0.0,3,10.0,2.5,1.5652475842498528,2.0,2.75,73.33333333333333,90.0,90.0,10,33.33333333333333,9,30.0,3,10.0,5,16.666666666666664,0,0.0,3,10.0
35,3.1333333333333333,2.0450482200237294,2.0,4.75,66.66666666666666,66.66666666666666,70.0,8,26.666666666666668,9,30.0,3,10.0,0,0.0,1,3.3333333333333335,9,30.0,2.433333333333333,1.8015425489162213,2.0,1.75,80.0,80.0,83.33333333333334,12,40.0,10,33.33333333333333,2,6.666666666666667,0,0.0,1,3.3333333333333335,5,16.666666666666664,2.5,1.8393839548428526,2.0,1.75,80.0,80.0,80.0,11,36.666666666666664,11,36.666666666666664,2,6.666666666666667,0,0.0,0,0.0,6,20.0,2.5,1.6683325008322931,2.0,2.0,80.0,83.33333333333334,86.66666666666667,10,33.33333333333333,10,33.33333333333333,4,13.333333333333334,1,3.3333333333333335,1,3.3333333333333335,4,13.333333333333334
36,2.8666666666666667,1.910206504252587,2.0,3.25,73.33333333333333,73.33333333333333,76.66666666666667,8,26.666666666666668,11,36.666666666666664,3,10.0,0,0.0,1,3.3333333333333335,7,23.333333333333332,2.2,1.6206994374857624,2.0,1.0,86.66666666666667,86.66666666666667,86.66666666666667,13,43.333333333333336,10,33.33333333333333,3,10.0,0,0.0,0,0.0,4,13.333333333333334,2.3666666666666667,1.7413277182145301,2.0,1.75,83.33333333333334,83.33333333333334,83.33333333333334,12,40.0,10,33.33333333333333,3,10.0,0,0.0,0,0.0,5,16.666666666666664,2.7666666666666666,1.9610088106776968,2.0,3.75,70.0,73.33333333333333,80.0,12,40.0,6,20.0,3,10.0,1,3.3333333333333335,2,6.666666666666667,6,20.0
37,2.9,2.0058248511107175,2.0,4.5,70.0,73.33333333333333,73.33333333333333,10,33.33333333333333,8,26.666666666666668,3,10.0,1,3.3333333333333335,0,0.0,8,26.666666666666668,2.3666666666666667,1.9405039437103846,1.0,1.75,76.66666666666667,80.0,80.0,16,53.333333333333336,6,20.0,1,3.3333333333333335,1,3.3333333333333335,0,0.0,6,20.0,2.3333333333333335,1.7191729277636836,2.0,1.75,80.0,83.33333333333334,86.66666666666667,13,43.333333333333336,9,30.0,2,6.666666666666667,1,3.3333333333333335,1,3.3333333333333335,4,13.333333333333334,2.6,1.8184242262647807,2.0,2.0,76.66666666666667,80.0,83.33333333333334,12,40.0,6,20.0,5,16.666666666666664,1,3.3333333333333335,1,3.3333333333333335,5,16.666666666666664
38,2.2333333333333334,1.6468825769380835,1.5,2.0,80.0,86.66666666666667,90.0,15,50.0,6,20.0,3,10.0,2,6.666666666666667,1,3.3333333333333335,3,10.0,2.033333333333333,1.5162087220725544,1.0,1.75,83.33333333333334,90.0,93.33333333333333,17,56.666666666666664,5,16.666666666666664,3,10.0,2,6.666666666666667,1,3.3333333333333335,2,6.666666666666667,2.1,1.5989579940281942,1.0,2.0,83.33333333333334,90.0,90.0,17,56.666666666666664,4,13.333333333333334,4,13.333333333333334,2,6.666666666666667,0,0.0,3,10.0,2.3333333333333335,1.5986105077709065,2.0,2.0,80.0,90.0,90.0,14,46.666666666666664,4,13.333333333333334,6,20.0,3,10.0,0,0.0,3,10.0
39,2.4,1.624807680927192,2.0,2.0,86.66666666666667,86.66666666666667,86.66666666666667,12,40.0,6,20.0,8,26.666666666666668,0,0.0,0,0.0,4,13.333333333333334,2.1333333333333333,1.5216949614017772,2.0,1.75,86.66666666666667,90.0,90.0,14,46.666666666666664,8,26.666666666666668,4,13.333333333333334,1,3.3333333333333335,0,0.0,3,10.0,2.3666666666666667,1.5595583420386114,2.0,2.0,83.33333333333334,90.0,90.0,13,43.333333333333336,4,13.333333333333334,8,26.666666666666668,2,6.666666666666667,0,0.0,3,10.0,2.4,1.4047538337136987,2.0,2.0,80.0,93.33333333333333,93.33333333333333,10,33.33333333333333,8,26.666666666666668,6,20.0,4,13.333333333333334,0,0.0,2,6.666666666666667
40,2.2333333333333334,1.4761059883656353,2.0,2.0,83.33333333333334,90.0,93.33333333333333,13,43.333333333333336,7,23.333333333333332,5,16.666666666666664,2,6.666666666666667,1,3.3333333333333335,2,6.666666666666667,2.066666666666667,1.4817407180595246,1.0,2.0,86.66666666666667,90.0,93.33333333333333,16,53.333333333333336,5,16.666666666666664,5,16.666666666666664,1,3.3333333333333335,1,3.3333333333333335,2,6.666666666666667,2.1333333333333333,1.6069294390925264,1.0,2.0,86.66666666666667,86.66666666666667,90.0,16,53.333333333333336,5,16.666666666666664,5,16.666666666666664,0,0.0,1,3.3333333333333335,3,10.0,2.8333333333333335,1.8988300491501484,2.5,3.0,66.66666666666666,80.0,80.0,12,40.0,3,10.0,5,16.666666666666664,4,13.333333333333334,0,0.0,6,20.0
41,2.1666666666666665,1.4161763857498668,2.0,1.75,86.66666666666667,90.0,93.33333333333333,12,40.0,10,33.33333333333333,4,13.333333333333334,1,3.3333333333333335,1,3.3333333333333335,2,6.666666666666667,2.1,1.5132745950421556,1.5,1.75,86.66666666666667,86.66666666666667,93.33333333333333,15,50.0,7,23.333333333333332,4,13.333333333333334,0,0.0,2,6.666666666666667,2,6.666666666666667,2.2333333333333334,1.7065234314893605,2.0,1.0,83.33333333333334,83.33333333333334,86.66666666666667,14,46.666666666666664,9,30.0,2,6.666666666666667,0,0.0,1,3.3333333333333335,4,13.333333333333334,2.6333333333333333,1.7603661235347856,2.0,2.0,80.0,80.0,83.33333333333334,10,33.33333333333333,8,26.666666666666668,6,20.0,0,0.0,1,3.3333333333333335,5,16.666666666666664
42,3.0,1.7701224063135672,2.0,2.0,70.0,76.66666666666667,80.0,6,20.0,10,33.33333333333333,5,16.666666666666664,2,6.666666666666667,1,3.3333333333333335,6,20.0,2.2333333333333334,1.8015425489162213,1.0,1.75,76.66666666666667,83.33333333333334,86.66666666666667,17,56.666666666666664,5,16.666666666666664,1,3.3333333333333335,2,6.666666666666667,1,3.3333333333333335,4,13.333333333333334,2.466666666666667,1.8571184369578826,1.0,2.75,73.33333333333333,80.0,86.66666666666667,16,53.333333333333336,2,6.666666666666667,4,13.333333333333334,2,6.666666666666667,2,6.666666666666667,4,13.333333333333334,2.6666666666666665,1.885618083164127,2.0,3.0,70.0,76.66666666666667,83.33333333333334,12,40.0,7,23.333333333333332,2,6.666666666666667,2,6.666666666666667,2,6.666666666666667,5,16.666666666666664
43,1.9666666666666666,1.4940623220676643,1.5,1.0,86.66666666666667,90.0,90.0,15,50.0,11,36.666666666666664,0,0.0,1,3.3333333333333335,0,0.0,3,10.0,1.7666666666666666,1.3337499349161703,1.0,1.0,90.0,93.33333333333333,93.33333333333333,18,60.0,8,26.666666666666668,1,3.3333333333333335,1,3.3333333333333335,0,0.0,2,6.666666666666667,1.8333333333333333,1.3924399049470282,1.0,1.0,86.66666666666667,93.33333333333333,93.33333333333333,18,60.0,7,23.333333333333332,1,3.3333333333333335,2,6.666666666666667,0,0.0,2,6.666666666666667,2.3,1.7916472867168918,2.0,1.0,80.0,83.33333333333334,83.33333333333334,14,46.666666666666664,9,30.0,1,3.3333333333333335,1,3.3333333333333335,0,0.0,5,16.666666666666664
44,2.6333333333333333,1.6428295373802142,2.0,2.0,80.0,83.33333333333334,86.66666666666667,9,30.0,8,26.666666666666668,7,23.333333333333332,1,3.3333333333333335,1,3.3333333333333335,4,13.333333333333334,2.433333333333333,1.782943882708844,2.0,2.0,76.66666666666667,80.0,86.66666666666667,13,43.333333333333336,8,26.666666666666668,2,6.666666666666667,1,3.3333333333333335,2,6.666666666666667,4,13.333333333333334,2.466666666666667,1.6069294390925266,2.0,2.0,80.0,83.33333333333334,90.0,10,33.33333333333333,10,33.33333333333333,4,13.333333333333334,1,3.3333333333333335,2,6.666666666666667,3,10.0,2.8666666666666667,1.839081896551163,2.0,3.0,63.33333333333333,76.66666666666667,83.33333333333334,9,30.0,9,30.0,1,3.3333333333333335,4,13.333333333333334,2,6.666666666666667,5,16.666666666666664
45,2.8,1.7962924780409975,2.0,1.0,76.66666666666667,76.66666666666667,80.0,7,23.333333333333332,12,40.0,4,13.333333333333334,0,0.0,1,3.3333333333333335,6,20.0,2.3333333333333335,1.757523510195209,2.0,1.75,83.33333333333334,83.33333333333334,83.33333333333334,13,43.333333333333336,9,30.0,3,10.0,0,0.0,0,0.0,5,16.666666666666664,2.2666666666666666,1.569146972791976,2.0,2.0,86.66666666666667,86.66666666666667,90.0,13,43.333333333333336,7,23.333333333333332,6,20.0,0,0.0,1,3.3333333333333335,3,10.0,2.3666666666666667,1.5595583420386112,2.0,2.0,83.33333333333334,86.66666666666667,90.0,11,36.666666666666664,9,30.0,5,16.666666666666664,1,3.3333333333333335,1,3.3333333333333335,3,10.0
46,2.6333333333333333,1.601735170231195,2.0,1.0,76.66666666666667,83.33333333333334,86.66666666666667,6,20.0,15,50.0,2,6.666666666666667,2,6.666666666666667,1,3.3333333333333335,4,13.333333333333334,1.9666666666666666,1.3780017739062922,1.5,1.0,86.66666666666667,93.33333333333333,93.33333333333333,15,50.0,9,30.0,2,6.666666666666667,2,6.666666666666667,0,0.0,2,6.666666666666667,2.066666666666667,1.5260697523012796,1.5,1.0,86.66666666666667,90.0,90.0,15,50.0,8,26.666666666666668,3,10.0,1,3.3333333333333335,0,0.0,3,10.0,2.5,1.7272328544042153,2.0,2.0,80.0,83.33333333333334,83.33333333333334,10,33.33333333333333,11,36.666666666666664,3,10.0,1,3.3333333333333335,0,0.0,5,16.666666666666664
47,2.566666666666667,1.8015425489162211,2.0,2.0,76.66666666666667,80.0,83.33333333333334,11,36.666666666666664,9,30.0,3,10.0,1,3.3333333333333335,1,3.3333333333333335,5,16.666666666666664,2.1333333333333333,1.687865186822955,1.0,1.0,83.33333333333334,86.66666666666667,86.66666666666667,16,53.333333333333336,7,23.333333333333332,2,6.666666666666667,1,3.3333333333333335,0,0.0,4,13.333333333333334,2.5,1.9790570145063195,1.5,2.75,73.33333333333333,76.66666666666667,80.0,15,50.0,6,20.0,1,3.3333333333333335,1,3.3333333333333335,1,3.3333333333333335,6,20.0,3.066666666666667,2.1592179654268864,2.0,5.0,66.66666666666666,66.66666666666666,66.66666666666666,11,36.666666666666664,6,20.0,3,10.0,0,0.0,0,0.0,10,33.33333333333333
48,2.6,1.6653327995729064,2.0,2.0,76.66666666666667,83.33333333333334,86.66666666666667,9,30.0,10,33.33333333333333,4,13.333333333333334,2,6.666666666666667,1,3.3333333333333335,4,13.333333333333334,2.066666666666667,1.730767331432956,1.0,1.0,83.33333333333334,83.33333333333334,86.66666666666667,17,56.666666666666664,8,26.666666666666668,0,0.0,0,0.0,1,3.3333333333333335,4,13.333333333333334,2.066666666666667,1.730767331432956,1.0,1.0,83.33333333333334,83.33333333333334,86.66666666666667,17,56.666666666666664,8,26.666666666666668,0,0.0,0,0.0,1,3.3333333333333335,4,13.333333333333334,2.2,1.7204650534085253,1.5,1.0,83.33333333333334,83.33333333333334,86.66666666666667,15,50.0,8,26.666666666666668,2,6.666666666666667,0,0.0,1,3.3333333333333335,4,13.333333333333334
49,2.566666666666667,1.5849991237291654,2.0,1.0,83.33333333333334,83.33333333333334,86.66666666666667,7,23.333333333333332,13,43.333333333333336,5,16.666666666666664,0,0.0,1,3.3333333333333335,4,13.333333333333334,2.066666666666667,1.3888444437333107,2.0,1.0,90.0,90.0,93.33333333333333,13,43.333333333333336,10,33.33333333333333,4,13.333333333333334,0,0.0,1,3.3333333333333335,2,6.666666666666667,2.3,1.5737428845483836,2.0,1.0,86.66666666666667,86.66666666666667,86.66666666666667,10,33.33333333333333,13,43.333333333333336,3,10.0,0,0.0,0,0.0,4,13.333333333333334,2.933333333333333,1.8961950204437188,2.5,4.0,66.66666666666666,66.66666666666666,86.66666666666667,11,36.666666666666664,4,13.333333333333334,5,16.666666666666664,0,0.0,6,20.0,4,13.333333333333334
50,2.966666666666667,1.9058389811897076,2.0,3.0,66.66666666666666,76.66666666666667,76.66666666666667,9,30.0,7,23.333333333333332,4,13.333333333333334,3,10.0,0,0.0,7,23.333333333333332,2.3,1.7349351572897471,2.0,1.75,80.0,83.33333333333334,86.66666666666667,14,46.666666666666664,8,26.666666666666668,2,6.666666666666667,1,3.3333333333333335,1,3.3333333333333335,4,13.333333333333334,2.566666666666667,1.8917951498216947,2.0,2.75,73.33333333333333,76.66666666666667,83.33333333333334,13,43.333333333333336,7,23.333333333333332,2,6.666666666666667,1,3.3333333333333335,2,6.666666666666667,5,16.666666666666664,2.6333333333333333,1.8526257642120336,2.0,2.0,76.66666666666667,80.0,80.0,11,36.666666666666664,8,26.666666666666668,4,13.333333333333334,1,3.3333333333333335,0,0.0,6,20.0
51,2.3666666666666667,1.601735170231195,2.0,2.0,80.0,86.66666666666667,90.0,12,40.0,8,26.666666666666668,4,13.333333333333334,2,6.666666666666667,1,3.3333333333333335,3,10.0,2.3,1.8101565309847283,1.0,2.0,76.66666666666667,83.33333333333334,86.66666666666667,17,56.666666666666664,3,10.0,3,10.0,2,6.666666666666667,1,3.3333333333333335,4,13.333333333333334,2.3333333333333335,1.7384539747207064,2.0,2.0,80.0,83.33333333333334,86.66666666666667,14,46.666666666666664,7,23.333333333333332,3,10.0,1,3.3333333333333335,1,3.3333333333333335,4,13.333333333333334,2.7,1.7916472867168918,2.0,3.0,70.0,83.33333333333334,83.33333333333334,11,36.666666666666664,6,20.0,4,13.333333333333334,4,13.333333333333334,0,0.0,5,16.666666666666664
52,2.5,1.746424919657298,2.0,2.0,76.66666666666667,83.33333333333334,86.66666666666667,13,43.333333333333336,5,16.666666666666664,5,16.666666666666664,2,6.666666666666667,1,3.3333333333333335,4,13.333333333333334,1.9,1.4224392195567912,1.0,1.0,86.66666666666667,93.33333333333333,93.33333333333333,18,60.0,5,16.666666666666664,3,10.0,2,6.666666666666667,0,0.0,2,6.666666666666667,2.3333333333333335,1.699673171197595,2.0,2.0,80.0,86.66666666666667,86.66666666666667,14,46.666666666666664,6,20.0,4,13.333333333333334,2,6.666666666666667,0,0.0,4,13.333333333333334,2.566666666666667,1.7641491496532322,2.0,2.75,73.33333333333333,83.33333333333334,86.66666666666667,13,43.333333333333336,4,13.333333333333334,5,16.666666666666664,3,10.0,1,3.3333333333333335,4,13.333333333333334
53,2.433333333333333,1.7641491496532322,2.0,2.0,76.66666666666667,83.33333333333334,86.66666666666667,14,46.666666666666664,5,16.666666666666664,4,13.333333333333334,2,6.666666666666667,1,3.3333333333333335,4,13.333333333333334,2.0,1.6532795690182993,1.0,1.75,80.0,90.0,90.0,20,66.66666666666666,2,6.666666666666667,2,6.666666666666667,3,10.0,0,0.0,3,10.0,2.1333333333333333,1.80246744461277,1.0,2.0,76.66666666666667,86.66666666666667,86.66666666666667,20,66.66666666666666,1,3.3333333333333335,2,6.666666666666667,3,10.0,0,0.0,4,13.333333333333334,2.466666666666667,1.8926759422104522,1.0,3.0,70.0,83.33333333333334,83.33333333333334,16,53.333333333333336,3,10.0,2,6.666666666666667,4,13.333333333333334,0,0.0,5,16.666666666666664
54,2.466666666666667,1.4772346537440226,2.0,2.0,76.66666666666667,90.0,93.33333333333333,10,33.33333333333333,8,26.666666666666668,5,16.666666666666664,4,13.333333333333334,1,3.3333333333333335,2,6.666666666666667,2.433333333333333,1.9093337988826247,1.0,2.75,73.33333333333333,80.0,83.33333333333334,16,53.333333333333336,4,13.333333333333334,2,6.666666666666667,2,6.666666666666667,1,3.3333333333333335,5,16.666666666666664,2.566666666666667,1.7641491496532322,2.0,2.0,76.66666666666667,83.33333333333334,83.33333333333334,11,36.666666666666664,8,26.666666666666668,4,13.333333333333334,2,6.666666666666667,0,0.0,5,16.666666666666664,3.1666666666666665,2.0669354663903325,2.5,4.75,53.333333333333336,70.0,73.33333333333333,11,36.666666666666664,4,13.333333333333334,1,3.3333333333333335,5,16.666666666666664,1,3.3333333333333335,8,26.666666666666668
55,2.533333333333333,1.586050300449376,2.0,2.0,83.33333333333334,86.66666666666667,86.66666666666667,9,30.0,9,30.0,7,23.333333333333332,1,3.3333333333333335,0,0.0,4,13.333333333333334,1.9,1.3503086067019396,1.0,1.0,90.0,93.33333333333333,93.33333333333333,16,53.333333333333336,8,26.666666666666668,3,10.0,1,3.3333333333333335,0,0.0,2,6.666666666666667,2.066666666666667,1.6110727964792764,1.0,1.0,83.33333333333334,86.66666666666667,90.0,16,53.333333333333336,8,26.666666666666668,1,3.3333333333333335,1,3.3333333333333335,1,3.3333333333333335,3,10.0,2.9,2.0058248511107175,2.0,3.75,66.66666666666666,73.33333333333333,76.66666666666667,12,40.0,4,13.333333333333334,4,13.333333333333334,2,6.666666666666667,1,3.3333333333333335,7,23.333333333333332
56,2.2666666666666666,1.4817407180595246,2.0,2.0,86.66666666666667,90.0,90.0,11,36.666666666666664,10,33.33333333333333,5,16.666666666666664,1,3.3333333333333335,0,0.0,3,10.0,2.066666666666667,1.5477582354991866,1.0,1.75,86.66666666666667,90.0,90.0,16,53.333333333333336,6,20.0,4,13.333333333333334,1,3.3333333333333335,0,0.0,3,10.0,2.3666666666666667,1.7978382080215733,2.0,2.0,80.0,83.33333333333334,83.33333333333334,14,46.666666666666664,7,23.333333333333332,3,10.0,1,3.3333333333333335,0,0.0,5,16.666666666666664,2.2666666666666666,1.569146972791976,2.0,2.0,83.33333333333334,90.0,90.0,14,46.666666666666664,5,16.666666666666664,6,20.0,2,6.666666666666667,0,0.0,3,10.0
57,2.966666666666667,1.8526257642120338,2.0,3.75,63.33333333333333,73.33333333333333,83.33333333333334,9,30.0,7,23.333333333333332,3,10.0,3,10.0,3,10.0,5,16.666666666666664,2.1333333333333333,1.7074997966487597,1.0,1.75,83.33333333333334,86.66666666666667,86.66666666666667,17,56.666666666666664,5,16.666666666666664,3,10.0,1,3.3333333333333335,0,0.0,4,13.333333333333334,2.4,1.8366636418607882,1.5,2.0,76.66666666666667,83.33333333333334,83.33333333333334,15,50.0,5,16.666666666666664,3,10.0,2,6.666666666666667,0,0.0,5,16.666666666666664,2.933333333333333,2.06451500896027,2.0,4.0,63.33333333333333,70.0,76.66666666666667,13,43.333333333333336,3,10.0,3,10.0,2,6.666666666666667,2,6.666666666666667,7,23.333333333333332
58,2.566666666666667,1.9439364415764444,2.0,3.0,70.0,80.0,80.0,14,46.666666666666664,6,20.0,1,3.3333333333333335,3,10.0,0,0.0,6,20.0,2.066666666666667,1.7113996870657915,1.0,1.0,83.33333333333334,86.66666666666667,86.66666666666667,18,60.0,5,16.666666666666664,2,6.666666666666667,1,3.3333333333333335,0,0.0,4,13.333333333333334,2.2,1.8147543451754933,1.0,1.75,83.33333333333334,83.33333333333334,83.33333333333334,17,56.666666666666664,5,16.666666666666664,3,10.0,0,0.0,0,0.0,5,16.666666666666664,2.3666666666666667,1.7413277182145301,1.5,2.75,73.33333333333333,83.33333333333334,90.0,15,50.0,5,16.666666666666664,2,6.666666666666667,3,10.0,2,6.666666666666667,3,10.0
59,2.4,1.7243356208503415,2.0,1.75,76.66666666666667,83.33333333333334,86.66666666666667,12,40.0,10,33.33333333333333,1,3.3333333333333335,2,6.666666666666667,1,3.3333333333333335,4,13.333333333333334,2.1,1.57797338380595,1.0,1.0,80.0,86.66666666666667,93.33333333333333,16,53.333333333333336,7,23.333333333333332,1,3.3333333333333335,2,6.666666666666667,2,6.666666666666667,2,6.666666666666667,2.3333333333333335,1.8135294011647258,1.5,2.0,80.0,83.33333333333334,83.33333333333334,15,50.0,6,20.0,3,10.0,1,3.3333333333333335,0,0.0,5,16.666666666666664,2.566666666666667,1.891795149821695,2.0,2.75,73.33333333333333,76.66666666666667,83.33333333333334,13,43.333333333333336,7,23.333333333333332,2,6.666666666666667,1,3.3333333333333335,2,6.666666666666667,5,16.666666666666664
60,2.3,1.5088627063675033,2.0,2.0,83.33333333333334,90.0,90.0,11,36.666666666666664,10,33.33333333333333,4,13.333333333333334,2,6.666666666666667,0,0.0,3,10.0,2.1333333333333333,1.8024674446127702,1.0,1.0,83.33333333333334,83.33333333333334,83.33333333333334,17,56.666666666666664,7,23.333333333333332,1,3.3333333333333335,0,0.0,0,0.0,5,16.666666666666664,2.1333333333333333,1.6679994670929073,1.0,1.75,86.66666666666667,86.66666666666667,86.66666666666667,16,53.333333333333336,6,20.0,4,13.333333333333334,0,0.0,0,0.0,4,13.333333333333334,2.8333333333333335,2.00138840697041,2.0,3.75,70.0,73.33333333333333,76.66666666666667,12,40.0,5,16.666666666666664,4,13.333333333333334,1,3.3333333333333335,1,3.3333333333333335,7,23.333333333333332
61,2.4,1.6852299546352716,2.0,2.0,83.33333333333334,83.33333333333334,86.66666666666667,12,40.0,8,26.666666666666668,5,16.666666666666664,0,0.0,1,3.3333333333333335,4,13.333333333333334,2.2666666666666666,1.8607047649270485,1.0,1.0,80.0,80.0,83.33333333333334,16,53.333333333333336,7,23.333333333333332,1,3.3333333333333335,0,0.0,1,3.3333333333333335,5,16.666666666666664,2.3333333333333335,1.920648038785058,1.0,1.75,80.0,80.0,80.0,16,53.333333333333336,6,20.0,2,6.666666666666667,0,0.0,0,0.0,6,20.0,2.8333333333333335,1.9163043135739746,2.0,3.75,70.0,73.33333333333333,80.0,10,33.33333333333333,8,26.666666666666668,3,10.0,1,3.3333333333333335,2,6.666666666666667,6,20.0
62,2.966666666666667,1.9232495649002208,2.0,3.75,63.33333333333333,73.33333333333333,80.0,10,33.33333333333333,6,20.0,3,10.0,3,10.0,2,6.666666666666667,6,20.0,2.3,1.9347695814575268,1.0,2.75,73.33333333333333,76.66666666666667,86.66666666666667,19,63.33333333333333,2,6.666666666666667,1,3.3333333333333335,1,3.3333333333333335,3,10.0,4,13.333333333333334,2.4,1.8903262505010432,1.0,2.0,76.66666666666667,76.66666666666667,86.66666666666667,17,56.666666666666664,2,6.666666666666667,4,13.333333333333334,0,0.0,3,10.0,4,13.333333333333334,2.933333333333333,2.1592179654268864,2.0,4.75,63.33333333333333,66.66666666666666,73.33333333333333,14,46.666666666666664,3,10.0,2,6.666666666666667,1,3.3333333333333335,2,6.666666666666667,8,26.666666666666668
63,2.466666666666667,1.8390818965511633,2.0,2.75,73.33333333333333,83.33333333333334,83.33333333333334,14,46.666666666666664,6,20.0,2,6.666666666666667,3,10.0,0,0.0,5,16.666666666666664,1.8666666666666667,1.359738536958076,1.0,1.75,86.66666666666667,93.33333333333333,96.66666666666667,19,63.33333333333333,3,10.0,4,13.333333333333334,2,6.666666666666667,1,3.3333333333333335,1,3.3333333333333335,2.0,1.4375905768565218,1.0,1.75,90.0,90.0,93.33333333333333,16,53.333333333333336,6,20.0,5,16.666666666666664,0,0.0,1,3.3333333333333335,2,6.666666666666667,2.7241379310344827,1.9633987373085184,2.0,3.0,72.41379310344827,75.86206896551724,79.3103448275862,13,44.827586206896555,3,10.344827586206897,5,17.24137931034483,1,3.4482758620689653,1,3.4482758620689653,6,20.689655172413794
64,2.6,1.8547236990991407,2.0,3.0,70.0,80.0,83.33333333333334,12,40.0,8,26.666666666666668,1,3.3333333333333335,3,10.0,1,3.3333333333333335,5,16.666666666666664,2.066666666666667,1.7113996870657915,1.0,1.0,83.33333333333334,86.66666666666667,86.66666666666667,18,60.0,5,16.666666666666664,2,6.666666666666667,1,3.3333333333333335,0,0.0,4,13.333333333333334,2.1333333333333333,1.6275407487644937,1.0,2.0,80.0,90.0,90.0,17,56.666666666666664,4,13.333333333333334,3,10.0,3,10.0,0,0.0,3,10.0,2.533333333333333,2.0286832072937253,1.0,3.5,73.33333333333333,73.33333333333333,80.0,16,53.333333333333336,4,13.333333333333334,2,6.666666666666667,0,0.0,2,6.666666666666667,6,20.0
65,2.8,1.869046102516825,2.0,1.75,76.66666666666667,76.66666666666667,76.66666666666667,8,26.666666666666668,11,36.666666666666664,4,13.333333333333334,0,0.0,0,0.0,7,23.333333333333332,2.2333333333333334,1.6468825769380835,2.0,1.0,83.33333333333334,86.66666666666667,86.66666666666667,13,43.333333333333336,10,33.33333333333333,2,6.666666666666667,1,3.3333333333333335,0,0.0,4,13.333333333333334,2.2333333333333334,1.4985177861992682,2.0,2.0,86.66666666666667,90.0,90.0,12,40.0,9,30.0,5,16.666666666666664,1,3.3333333333333335,0,0.0,3,10.0,2.533333333333333,1.6679994670929073,2.0,2.75,73.33333333333333,83.33333333333334,90.0,11,36.666666666666664,8,26.666666666666668,3,10.0,3,10.0,2,6.666666666666667,3,10.0
66,2.6,1.6653327995729061,2.0,3.0,70.0,83.33333333333334,90.0,10,33.33333333333333,9,30.0,2,6.666666666666667,4,13.333333333333334,2,6.666666666666667,3,10.0,2.3,1.8101565309847285,1.5,1.0,76.66666666666667,80.0,86.66666666666667,15,50.0,8,26.666666666666668,0,0.0,1,3.3333333333333335,2,6.666666666666667,4,13.333333333333334,2.466666666666667,1.7269111795984826,2.0,2.75,73.33333333333333,80.0,90.0,12,40.0,9,30.0,1,3.3333333333333335,2,6.666666666666667,3,10.0,3,10.0,2.6666666666666665,1.8318175552045448,2.0,3.0,66.66666666666666,76.66666666666667,86.66666666666667,11,36.666666666666664,9,30.0,0,0.0,3,10.0,3,10.0,4,13.333333333333334
67,2.7333333333333334,1.806162291219209,2.0,3.0,70.0,80.0,83.33333333333334,10,33.33333333333333,8,26.666666666666668,3,10.0,3,10.0,1,3.3333333333333335,5,16.666666666666664,2.066666666666667,1.6519348924485155,1.0,1.0,86.66666666666667,86.66666666666667,86.66666666666667,16,53.333333333333336,8,26.666666666666668,2,6.666666666666667,0,0.0,0,0.0,4,13.333333333333334,2.3333333333333335,1.757523510195209,2.0,1.75,76.66666666666667,83.33333333333334,86.66666666666667,14,46.666666666666664,8,26.666666666666668,1,3.3333333333333335,2,6.666666666666667,1,3.3333333333333335,4,13.333333333333334,2.6,1.7435595774162693,2.0,2.75,73.33333333333333,83.33333333333334,86.66666666666667,12,40.0,5,16.666666666666664,5,16.666666666666664,3,10.0,1,3.3333333333333335,4,13.333333333333334
68,2.9,1.9209372712298547,2.0,3.0,70.0,76.66666666666667,76.66666666666667,10,33.33333333333333,6,20.0,5,16.666666666666664,2,6.666666666666667,0,0.0,7,23.333333333333332,2.466666666666667,1.8749814813900312,1.0,2.75,73.33333333333333,83.33333333333334,83.33333333333334,16,53.333333333333336,2,6.666666666666667,4,13.333333333333334,3,10.0,0,0.0,5,16.666666666666664,2.466666666666667,1.586050300449376,2.0,2.0,80.0,86.66666666666667,90.0,11,36.666666666666664,7,23.333333333333332,6,20.0,2,6.666666666666667,1,3.3333333333333335,3,10.0,2.7333333333333334,1.8245242911205346,2.0,3.0,70.0,80.0,83.33333333333334,11,36.666666666666664,6,20.0,4,13.333333333333334,3,10.0,1,3.3333333333333335,5,16.666666666666664
69,2.3333333333333335,1.4681810363696828,2.0,2.0,86.66666666666667,90.0,90.0,10,33.33333333333333,10,33.33333333333333,6,20.0,1,3.3333333333333335,0,0.0,3,10.0,1.9666666666666666,1.5162087220725544,1.0,1.0,86.66666666666667,90.0,90.0,16,53.333333333333336,9,30.0,1,3.3333333333333335,1,3.3333333333333335,0,0.0,3,10.0,1.9,1.3503086067019396,1.0,1.0,90.0,93.33333333333333,93.33333333333333,16,53.333333333333336,8,26.666666666666668,3,10.0,1,3.3333333333333335,0,0.0,2,6.666666666666667,2.5,1.7654083569153813,2.0,2.0,76.66666666666667,80.0,86.66666666666667,12,40.0,8,26.666666666666668,3,10.0,1,3.3333333333333335,2,6.666666666666667,4,13.333333333333334
70,2.433333333333333,1.7451520150277902,2.0,2.0,83.33333333333334,83.33333333333334,83.33333333333334,12,40.0,8,26.666666666666668,5,16.666666666666664,0,0.0,0,0.0,5,16.666666666666664,2.066666666666667,1.5477582354991866,1.0,1.75,86.66666666666667,90.0,90.0,16,53.333333333333336,6,20.0,4,13.333333333333334,1,3.3333333333333335,0,0.0,3,10.0,2.3333333333333335,1.86785676348292,1.0,2.0,80.0,80.0,83.33333333333334,16,53.333333333333336,5,16.666666666666664,3,10.0,0,0.0,1,3.3333333333333335,5,16.666666666666664,2.433333333333333,1.8199511592958264,2.0,2.0,76.66666666666667,83.33333333333334,83.33333333333334,14,46.666666666666664,6,20.0,3,10.0,2,6.666666666666667,0,0.0,5,16.666666666666664
71,2.7666666666666666,1.8740923729160797,2.0,3.0,70.0,80.0,80.0,11,36.666666666666664,6,20.0,4,13.333333333333334,3,10.0,0,0.0,6,20.0,2.2,1.7397317800933183,1.0,2.0,80.0,86.66666666666667,86.66666666666667,17,56.666666666666664,4,13.333333333333334,3,10.0,2,6.666666666666667,0,0.0,4,13.333333333333334,2.2,1.6613247725836149,1.0,2.0,76.66666666666667,90.0,90.0,17,56.666666666666664,3,10.0,3,10.0,4,13.333333333333334,0,0.0,3,10.0,2.533333333333333,1.9275776393067947,1.5,2.75,73.33333333333333,76.66666666666667,83.33333333333334,15,50.0,4,13.333333333333334,3,10.0,1,3.3333333333333335,2,6.666666666666667,5,16.666666666666664
72,2.7333333333333334,1.9136933459209766,2.0,2.0,76.66666666666667,76.66666666666667,76.66666666666667,10,33.33333333333333,9,30.0,4,13.333333333333334,0,0.0,0,0.0,7,23.333333333333332,1.8666666666666667,1.2578641509408803,1.0,1.0,86.66666666666667,96.66666666666667,96.66666666666667,17,56.666666666666664,6,20.0,3,10.0,3,10.0,0,0.0,1,3.3333333333333335,2.2666666666666666,1.6918103387266028,1.5,2.0,80.0,83.33333333333334,90.0,15,50.0,6,20.0,3,10.0,1,3.3333333333333335,2,6.666666666666667,3,10.0,2.3,1.7729448195962934,1.5,1.75,76.66666666666667,83.33333333333334,86.66666666666667,15,50.0,7,23.333333333333332,1,3.3333333333333335,2,6.666666666666667,1,3.3333333333333335,4,13.333333333333334
73,2.1666666666666665,1.6749792701868151,1.0,2.0,86.66666666666667,86.66666666666667,86.66666666666667,16,53.333333333333336,5,16.666666666666664,5,16.666666666666664,0,0.0,0,0.0,4,13.333333333333334,2.0,1.6931233465600393,1.0,1.0,86.66666666666667,86.66666666666667,86.66666666666667,19,63.33333333333333,4,13.333333333333334,3,10.0,0,0.0,0,0.0,4,13.333333333333334,2.066666666666667,1.6918103387266028,1.0,1.75,86.66666666666667,86.66666666666667,86.66666666666667,18,60.0,4,13.333333333333334,4,13.333333333333334,0,0.0,0,0.0,4,13.333333333333334,2.6,1.9252705437591535,1.5,2.75,73.33333333333333,76.66666666666667,83.33333333333334,15,50.0,2,6.666666666666667,5,16.666666666666664,1,3.3333333333333335,2,6.666666666666667,5,16.666666666666664
74,2.1666666666666665,1.21335164821342,2.0,2.0,90.0,93.33333333333333,96.66666666666667,10,33.33333333333333,11,36.666666666666664,6,20.0,1,3.3333333333333335,1,3.3333333333333335,1,3.3333333333333335,2.0,1.3165611772087666,2.0,1.0,90.0,93.33333333333333,93.33333333333333,13,43.333333333333336,11,36.666666666666664,3,10.0,1,3.3333333333333335,0,0.0,2,6.666666666666667,2.3,1.7156145643277028,2.0,1.0,80.0,83.33333333333334,86.66666666666667,13,43.333333333333336,10,33.33333333333333,1,3.3333333333333335,1,3.3333333333333335,1,3.3333333333333335,4,13.333333333333334,2.7,1.8101565309847285,2.0,2.0,76.66666666666667,80.0,80.0,9,30.0,10,33.33333333333333,4,13.333333333333334,1,3.3333333333333335,0,0.0,6,20.0
75,3.2,1.92180470738661,3.0,3.75,66.66666666666666,70.0,73.33333333333333,7,23.333333333333332,7,23.333333333333332,6,20.0,1,3.3333333333333335,1,3.3333333333333335,8,26.666666666666668,2.2333333333333334,1.7065234314893605,1.0,2.0,80.0,83.33333333333334,90.0,16,53.333333333333336,5,16.666666666666664,3,10.0,1,3.3333333333333335,2,6.666666666666667,3,10.0,2.2333333333333334,1.7065234314893605,1.0,2.0,80.0,83.33333333333334,90.0,16,53.333333333333336,5,16.666666666666664,3,10.0,1,3.3333333333333335,2,6.666666666666667,3,10.0,2.8333333333333335,2.0013884069704098,2.0,3.75,70.0,73.33333333333333,76.66666666666667,12,40.0,5,16.666666666666664,4,13.333333333333334,1,3.3333333333333335,1,3.3333333333333335,7,23.333333333333332
76,2.3,1.4177446878757824,2.0,2.0,86.66666666666667,90.0,93.33333333333333,11,36.666666666666664,8,26.666666666666668,7,23.333333333333332,1,3.3333333333333335,1,3.3333333333333335,2,6.666666666666667,2.033333333333333,1.4255603186895396,1.5,1.75,90.0,90.0,93.33333333333333,15,50.0,7,23.333333333333332,5,16.666666666666664,0,0.0,1,3.3333333333333335,2,6.666666666666667,2.1333333333333333,1.4313940369055924,2.0,1.75,86.66666666666667,90.0,93.33333333333333,13,43.333333333333336,9,30.0,4,13.333333333333334,1,3.3333333333333335,1,3.3333333333333335,2,6.666666666666667,2.433333333333333,1.498517786199268,2.0,2.0,83.33333333333334,83.33333333333334,93.33333333333333,9,30.0,11,36.666666666666664,5,16.666666666666664,0,0.0,3,10.0,2,6.666666666666667
77,2.2,1.4000000000000001,2.0,2.0,83.33333333333334,93.33333333333333,93.33333333333333,12,40.0,9,30.0,4,13.333333333333334,3,10.0,0,0.0,2,6.666666666666667,1.8,1.3759844960366863,1.0,1.0,90.0,93.33333333333333,93.33333333333333,19,63.33333333333333,5,16.666666666666664,3,10.0,1,3.3333333333333335,0,0.0,2,6.666666666666667,2.2,1.8867962264113207,1.0,1.75,76.66666666666667,83.33333333333334,83.33333333333334,19,63.33333333333333,3,10.0,1,3.3333333333333335,2,6.666666666666667,0,0.0,5,16.666666666666664,2.3666666666666667,1.7413277182145301,2.0,2.0,80.0,83.33333333333334,86.66666666666667,14,46.666666666666664,6,20.0,4,13.333333333333334,1,3.3333333333333335,1,3.3333333333333335,4,13.333333333333334
78,2.8,1.7962924780409975,2.0,3.0,66.66666666666666,80.0,83.33333333333334,9,30.0,9,30.0,2,6.666666666666667,4,13.333333333333334,1,3.3333333333333335,5,16.666666666666664,2.1,1.5132745950421558,1.0,1.75,76.66666666666667,93.33333333333333,93.33333333333333,16,53.333333333333336,6,20.0,1,3.3333333333333335,5,16.666666666666664,0,0.0,2,6.666666666666667,2.2333333333333334,1.6058919293927874,1.5,2.0,76.66666666666667,86.66666666666667,93.33333333333333,15,50.0,6,20.0,2,6.666666666666667,3,10.0,2,6.666666666666667,2,6.666666666666667,3.0,2.0330600909302543,2.0,4.5,63.33333333333333,73.33333333333333,73.33333333333333,11,36.666666666666664,5,16.666666666666664,3,10.0,3,10.0,0,0.0,8,26.666666666666668
79,2.566666666666667,1.7451520150277902,2.0,2.0,76.66666666666667,83.33333333333334,83.33333333333334,10,33.33333333333333,10,33.33333333333333,3,10.0,2,6.666666666666667,0,0.0,5,16.666666666666664,2.1666666666666665,1.5933891203622828,2.0,1.0,83.33333333333334,86.66666666666667,90.0,14,46.666666666666664,9,30.0,2,6.666666666666667,1,3.3333333333333335,1,3.3333333333333335,3,10.0,2.2666666666666666,1.6918103387266028,2.0,1.75,80.0,86.66666666666667,86.66666666666667,14,46.666666666666664,8,26.666666666666668,2,6.666666666666667,2,6.666666666666667,0,0.0,4,13.333333333333334,2.7333333333333334,1.8607047649270485,2.0,2.0,76.66666666666667,76.66666666666667,80.0,10,33.33333333333333,8,26.666666666666668,5,16.666666666666664,0,0.0,1,3.3333333333333335,6,20.0
80,2.6666666666666665,1.903213656482693,2.0,2.75,73.33333333333333,76.66666666666667,80.0,11,36.666666666666664,9,30.0,2,6.666666666666667,1,3.3333333333333335,1,3.3333333333333335,6,20.0,2.066666666666667,1.6110727964792764,1.0,2.0,83.33333333333334,90.0,90.0,18,60.0,3,10.0,4,13.333333333333334,2,6.666666666666667,0,0.0,3,10.0,2.566666666666667,1.92671280221579,2.0,2.75,73.33333333333333,80.0,80.0,14,46.666666666666664,5,16.666666666666664,3,10.0,2,6.666666666666667,0,0.0,6,20.0,2.3666666666666667,1.702612371882951,2.0,2.0,80.0,86.66666666666667,86.66666666666667,14,46.666666666666664,5,16.666666666666664,5,16.666666666666664,2,6.666666666666667,0,0.0,4,13.333333333333334
81,2.3666666666666667,1.7026123718829513,2.0,2.0,83.33333333333334,83.33333333333334,86.66666666666667,13,43.333333333333336,7,23.333333333333332,5,16.666666666666664,0,0.0,1,3.3333333333333335,4,13.333333333333334,2.1333333333333333,1.839081896551163,1.0,1.0,80.0,80.0,86.66666666666667,19,63.33333333333333,4,13.333333333333334,1,3.3333333333333335,0,0.0,2,6.666666666666667,4,13.333333333333334,2.2666666666666666,1.896195020443719,1.0,1.75,76.66666666666667,76.66666666666667,86.66666666666667,18,60.0,4,13.333333333333334,1,3.3333333333333335,0,0.0,3,10.0,4,13.333333333333334,2.6,2.0591260281974,1.5,3.5,73.33333333333333,73.33333333333333,76.66666666666667,15,50.0,5,16.666666666666664,2,6.666666666666667,0,0.0,1,3.3333333333333335,7,23.333333333333332
82,2.5,1.6683325008322931,2.0,1.5,83.33333333333334,83.33333333333334,83.33333333333334,8,26.666666666666668,14,46.666666666666664,3,10.0,0,0.0,0,0.0,5,16.666666666666664,2.2333333333333334,1.7829438827088444,1.5,1.0,83.33333333333334,83.33333333333334,83.33333333333334,15,50.0,8,26.666666666666668,2,6.666666666666667,0,0.0,0,0.0,5,16.666666666666664,2.4,1.8184242262647807,2.0,1.75,80.0,80.0,83.33333333333334,13,43.333333333333336,9,30.0,2,6.666666666666667,0,0.0,1,3.3333333333333335,5,16.666666666666664,3.0,2.0816659994661326,2.0,5.0,66.66666666666666,70.0,70.0,10,33.33333333333333,8,26.666666666666668,2,6.666666666666667,1,3.3333333333333335,0,0.0,9,30.0
83,2.6666666666666665,1.679947089113887,2.0,2.75,73.33333333333333,83.33333333333334,86.66666666666667,9,30.0,9,30.0,4,13.333333333333334,3,10.0,1,3.3333333333333335,4,13.333333333333334,2.2666666666666666,1.7113996870657915,1.5,2.0,80.0,86.66666666666667,86.66666666666667,15,50.0,6,20.0,3,10.0,2,6.666666666666667,0,0.0,4,13.333333333333334,2.466666666666667,1.839081896551163,2.0,2.75,73.33333333333333,83.33333333333334,83.33333333333334,14,46.666666666666664,6,20.0,2,6.666666666666667,3,10.0,0,0.0,5,16.666666666666664,2.7,1.8466185312619388,2.0,2.75,73.33333333333333,80.0,80.0,10,33.33333333333333,9,30.0,3,10.0,2,6.666666666666667,0,0.0,6,20.0
84,3.2,1.777638883463118,3.0,2.75,63.33333333333333,73.33333333333333,80.0,6,20.0,7,23.333333333333332,6,20.0,3,10.0,2,6.666666666666667,6,20.0,2.3666666666666667,1.7413277182145304,1.5,2.0,76.66666666666667,86.66666666666667,86.66666666666667,15,50.0,4,13.333333333333334,4,13.333333333333334,3,10.0,0,0.0,4,13.333333333333334,2.4,1.7435595774162693,2.0,2.0,80.0,83.33333333333334,86.66666666666667,14,46.666666666666664,5,16.666666666666664,5,16.666666666666664,1,3.3333333333333335,1,3.3333333333333335,4,13.333333333333334,2.9,1.8138357147217055,2.5,3.0,70.0,80.0,80.0,9,30.0,6,20.0,6,20.0,3,10.0,0,0.0,6,20.0
85,2.1,1.3253930234714029,2.0,2.0,86.66666666666667,93.33333333333333,96.66666666666667,14,46.666666666666664,6,20.0,6,20.0,2,6.666666666666667,1,3.3333333333333335,1,3.3333333333333335,1.8666666666666667,1.521694961401777,1.0,1.0,90.0,90.0,90.0,19,63.33333333333333,5,16.666666666666664,3,10.0,0,0.0,0,0.0,3,10.0,1.8333333333333333,1.343709624716425,1.0,1.0,93.33333333333333,93.33333333333333,93.33333333333333,18,60.0,5,16.666666666666664,5,16.666666666666664,0,0.0,0,0.0,2,6.666666666666667,2.466666666666667,1.687865186822955,2.0,2.0,83.33333333333334,83.33333333333334,86.66666666666667,12,40.0,6,20.0,7,23.333333333333332,0,0.0,1,3.3333333333333335,4,13.333333333333334
86,2.6,1.724335620850342,2.0,2.0,76.66666666666667,80.0,86.66666666666667,10,33.33333333333333,9,30.0,4,13.333333333333334,1,3.3333333333333335,2,6.666666666666667,4,13.333333333333334,2.066666666666667,1.5260697523012796,1.0,1.0,80.0,90.0,93.33333333333333,16,53.333333333333336,7,23.333333333333332,1,3.3333333333333335,3,10.0,1,3.3333333333333335,2,6.666666666666667,2.3333333333333335,1.8318175552045448,1.5,1.75,76.66666666666667,83.33333333333334,83.33333333333334,15,50.0,7,23.333333333333332,1,3.3333333333333335,2,6.666666666666667,0,0.0,5,16.666666666666664,2.533333333333333,1.746106780494506,2.0,2.75,73.33333333333333,83.33333333333334,86.66666666666667,12,40.0,7,23.333333333333332,3,10.0,3,10.0,1,3.3333333333333335,4,13.333333333333334
87,2.7666666666666666,1.8199511592958262,2.0,3.75,63.33333333333333,73.33333333333333,90.0,11,36.666666666666664,7,23.333333333333332,1,3.3333333333333335,3,10.0,5,16.666666666666664,3,10.0,2.433333333333333,1.8917951498216947,1.0,2.75,73.33333333333333,76.66666666666667,86.66666666666667,16,53.333333333333336,4,13.333333333333334,2,6.666666666666667,1,3.3333333333333335,3,10.0,4,13.333333333333334,2.5,1.8211717839530315,2.0,2.0,76.66666666666667,80.0,83.33333333333334,12,40.0,9,30.0,2,6.666666666666667,1,3.3333333333333335,1,3.3333333333333335,5,16.666666666666664,3.4,2.2300971578236974,2.5,5.0,53.333333333333336,53.333333333333336,66.66666666666666,11,36.666666666666664,4,13.333333333333334,1,3.3333333333333335,0,0.0,4,13.333333333333334,10,33.33333333333333
88,2.533333333333333,1.7074997966487597,2.0,2.0,76.66666666666667,83.33333333333334,86.66666666666667,11,36.666666666666664,8,26.666666666666668,4,13.333333333333334,2,6.666666666666667,1,3.3333333333333335,4,13.333333333333334,2.1333333333333333,1.7269111795984826,1.0,1.75,80.0,83.33333333333334,90.0,18,60.0,4,13.333333333333334,2,6.666666666666667,1,3.3333333333333335,2,6.666666666666667,3,10.0,2.2666666666666666,1.7688665548562132,1.0,2.0,80.0,83.33333333333334,86.66666666666667,16,53.333333333333336,5,16.666666666666664,3,10.0,1,3.3333333333333335,1,3.3333333333333335,4,13.333333333333334,3.3333333333333335,2.0055478608655095,3.0,4.0,56.666666666666664,60.0,76.66666666666667,9,30.0,4,13.333333333333334,4,13.333333333333334,1,3.3333333333333335,5,16.666666666666664,7,23.333333333333332
89,2.1333333333333333,1.2578641509408803,2.0,1.75,93.33333333333333,93.33333333333333,93.33333333333333,10,33.33333333333333,12,40.0,6,20.0,0,0.0,0,0.0,2,6.666666666666667,2.1333333333333333,1.4772346537440226,2.0,1.75,90.0,90.0,90.0,13,43.333333333333336,9,30.0,5,16.666666666666664,0,0.0,0,0.0,3,10.0,2.3333333333333335,1.5776212754932308,2.0,1.75,86.66666666666667,86.66666666666667,86.66666666666667,10,33.33333333333333,12,40.0,4,13.333333333333334,0,0.0,0,0.0,4,13.333333333333334,2.5,1.6278820596099706,2.0,2.0,83.33333333333334,83.33333333333334,86.66666666666667,9,30.0,11,36.666666666666664,5,16.666666666666664,0,0.0,1,3.3333333333333335,4,13.333333333333334
90,1.9333333333333333,1.5040685563571303,1.0,1.75,86.66666666666667,90.0,93.33333333333333,19,63.33333333333333,3,10.0,4,13.333333333333334,1,3.3333333333333335,1,3.3333333333333335,2,6.666666666666667,1.6333333333333333,1.168569876197207,1.0,1.0,93.33333333333333,96.66666666666667,96.66666666666667,21,70.0,3,10.0,4,13.333333333333334,1,3.3333333333333335,0,0.0,1,3.3333333333333335,1.6333333333333333,1.168569876197207,1.0,1.0,93.33333333333333,96.66666666666667,96.66666666666667,21,70.0,3,10.0,4,13.333333333333334,1,3.3333333333333335,0,0.0,1,3.3333333333333335,2.1333333333333333,1.586050300449376,1.0,2.0,83.33333333333334,90.0,90.0,16,53.333333333333336,5,16.666666666666664,4,13.333333333333334,2,6.666666666666667,0,0.0,3,10.0
91,2.8666666666666667,2.0121851030382096,2.0,4.5,70.0,73.33333333333333,73.33333333333333,10,33.33333333333333,9,30.0,2,6.666666666666667,1,3.3333333333333335,0,0.0,8,26.666666666666668,2.2333333333333334,1.8199511592958264,1.0,1.0,80.0,83.33333333333334,83.33333333333334,16,53.333333333333336,7,23.333333333333332,1,3.3333333333333335,1,3.3333333333333335,0,0.0,5,16.666666666666664,2.433333333333333,1.8562207723101138,2.0,2.0,76.66666666666667,80.0,83.33333333333334,14,46.666666666666664,7,23.333333333333332,2,6.666666666666667,1,3.3333333333333335,1,3.3333333333333335,5,16.666666666666664,2.6,2.042873792805942,2.0,3.5,73.33333333333333,73.33333333333333,76.66666666666667,14,46.666666666666664,7,23.333333333333332,1,3.3333333333333335,0,0.0,1,3.3333333333333335,7,23.333333333333332
92,2.933333333333333,1.9310331143946986,2.0,3.25,73.33333333333333,73.33333333333333,73.33333333333333,7,23.333333333333332,12,40.0,3,10.0,0,0.0,0,0.0,8,26.666666666666668,2.3333333333333335,1.8499249234015478,1.5,1.75,80.0,80.0,83.33333333333334,15,50.0,7,23.333333333333332,2,6.666666666666667,0,0.0,1,3.3333333333333335,5,16.666666666666664,2.4,1.8,1.5,2.0,80.0,80.0,86.66666666666667,15,50.0,4,13.333333333333334,5,16.666666666666664,0,0.0,2,6.666666666666667,4,13.333333333333334,2.533333333333333,1.765093639316497,2.0,2.0,80.0,80.0,83.33333333333334,10,33.33333333333333,11,36.666666666666664,3,10.0,0,0.0,1,3.3333333333333335,5,16.666666666666664
93,2.7,1.8645821694595994,2.0,2.0,76.66666666666667,76.66666666666667,80.0,10,33.33333333333333,9,30.0,4,13.333333333333334,0,0.0,1,3.3333333333333335,6,20.0,2.033333333333333,1.682920741515245,1.0,1.0,86.66666666666667,86.66666666666667,86.66666666666667,18,60.0,5,16.666666666666664,3,10.0,0,0.0,0,0.0,4,13.333333333333334,2.033333333333333,1.682920741515245,1.0,1.0,86.66666666666667,86.66666666666667,86.66666666666667,18,60.0,5,16.666666666666664,3,10.0,0,0.0,0,0.0,4,13.333333333333334,2.7333333333333334,2.06451500896027,2.0,4.25,73.33333333333333,73.33333333333333,73.33333333333333,13,43.333333333333336,6,20.0,3,10.0,0,0.0,0,0.0,8,26.666666666666668
94,2.2333333333333334,1.430229196861662,2.0,1.75,83.33333333333334,90.0,93.33333333333333,11,36.666666666666664,11,36.666666666666664,3,10.0,2,6.666666666666667,1,3.3333333333333335,2,6.666666666666667,1.9333333333333333,1.4360439485692011,1.0,1.0,83.33333333333334,93.33333333333333,93.33333333333333,17,56.666666666666664,7,23.333333333333332,1,3.3333333333333335,3,10.0,0,0.0,2,6.666666666666667,2.2333333333333334,1.7259457954666158,1.5,1.75,83.33333333333334,83.33333333333334,86.66666666666667,15,50.0,7,23.333333333333332,3,10.0,0,0.0,1,3.3333333333333335,4,13.333333333333334,2.6333333333333333,1.9058389811897076,2.0,3.0,70.0,80.0,80.0,12,40.0,8,26.666666666666668,1,3.3333333333333335,3,10.0,0,0.0,6,20.0
95,2.8666666666666667,1.9787762772874442,2.0,4.0,66.66666666666666,70.0,80.0,11,36.666666666666664,7,23.333333333333332,2,6.666666666666667,1,3.3333333333333335,3,10.0,6,20.0,2.033333333333333,1.7792008193443358,1.0,1.0,83.33333333333334,83.33333333333334,86.66666666666667,20,66.66666666666666,3,10.0,2,6.666666666666667,0,0.0,1,3.3333333333333335,4,13.333333333333334,2.2333333333333334,1.6669999666733315,1.0,2.0,80.0,86.66666666666667,90.0,16,53.333333333333336,4,13.333333333333334,4,13.333333333333334,2,6.666666666666667,1,3.3333333333333335,3,10.0,2.566666666666667,1.8015425489162216,2.0,2.75,73.33333333333333,76.66666666666667,90.0,14,46.666666666666664,3,10.0,5,16.666666666666664,1,3.3333333333333335,4,13.333333333333334,3,10.0
96,2.6,1.624807680927192,2.0,2.0,80.0,80.0,90.0,9,30.0,9,30.0,6,20.0,0,0.0,3,10.0,3,10.0,2.1333333333333333,1.6275407487644937,1.0,1.75,83.33333333333334,86.66666666666667,90.0,16,53.333333333333336,6,20.0,3,10.0,1,3.3333333333333335,1,3.3333333333333335,3,10.0,2.1666666666666665,1.5723301886761007,1.5,2.0,83.33333333333334,90.0,90.0,15,50.0,6,20.0,4,13.333333333333334,2,6.666666666666667,0,0.0,3,10.0,2.6333333333333333,1.7026123718829513,2.0,2.75,73.33333333333333,83.33333333333334,86.66666666666667,10,33.33333333333333,8,26.666666666666668,4,13.333333333333334,3,10.0,1,3.3333333333333335,4,13.333333333333334
97,2.6666666666666665,1.7950549357115013,2.0,2.0,76.66666666666667,80.0,83.33333333333334,11,36.666666666666664,6,20.0,6,20.0,1,3.3333333333333335,1,3.3333333333333335,5,16.666666666666664,2.1333333333333333,1.7074997966487597,1.0,1.75,83.33333333333334,86.66666666666667,86.66666666666667,17,56.666666666666664,5,16.666666666666664,3,10.0,1,3.3333333333333335,0,0.0,4,13.333333333333334,2.3,1.8284784202536637,1.0,2.0,80.0,83.33333333333334,83.33333333333334,16,53.333333333333336,5,16.666666666666664,3,10.0,1,3.3333333333333335,0,0.0,5,16.666666666666664,2.6,1.9078784028338913,2.0,2.0,76.66666666666667,80.0,80.0,14,46.666666666666664,3,10.0,6,20.0,1,3.3333333333333335,0,0.0,6,20.0
98,3.066666666666667,1.730767331432956,3.0,1.75,73.33333333333333,76.66666666666667,80.0,6,20.0,7,23.333333333333332,9,30.0,1,3.3333333333333335,1,3.3333333333333335,6,20.0,2.1666666666666665,1.4624940645653537,2.0,2.0,86.66666666666667,90.0,93.33333333333333,14,46.666666666666664,6,20.0,6,20.0,1,3.3333333333333335,1,3.3333333333333335,2,6.666666666666667,2.3333333333333335,1.5347819244295116,2.0,2.0,83.33333333333334,90.0,90.0,12,40.0,7,23.333333333333332,6,20.0,2,6.666666666666667,0,0.0,3,10.0,2.5,1.52206000757745,2.0,2.0,80.0,90.0,90.0,10,33.33333333333333,7,23.333333333333332,7,23.333333333333332,3,10.0,0,0.0,3,10.0
99,3.033333333333333,1.8705317128797598,2.0,3.5,63.33333333333333,73.33333333333333,80.0,8,26.666666666666668,8,26.666666666666668,3,10.0,3,10.0,2,6.666666666666667,6,20.0,2.1333333333333333,1.7650936393164967,1.0,1.0,80.0,80.0,90.0,18,60.0,5,16.666666666666664,1,3.3333333333333335,0,0.0,3,10.0,3,10.0,2.4,1.818424226264781,1.5,2.75,73.33333333333333,76.66666666666667,90.0,15,50.0,6,20.0,1,3.3333333333333335,1,3.3333333333333335,4,13.333333333333334,3,10.0,2.6333333333333333,1.9913702708325127,2.0,3.5,73.33333333333333,73.33333333333333,80.0,14,46.666666666666664,5,16.666666666666664,3,10.0,0,0.0,2,6.666666666666667,6,20.0
100,2.7666666666666666,1.8740923729160797,2.0,3.75,70.0,73.33333333333333,83.33333333333334,10,33.33333333333333,9,30.0,2,6.666666666666667,1,3.3333333333333335,3,10.0,5,16.666666666666664,1.9333333333333333,1.5477582354991866,1.0,1.0,86.66666666666667,90.0,90.0,18,60.0,6,20.0,2,6.666666666666667,1,3.3333333333333335,0,0.0,3,10.0,2.1333333333333333,1.5648926125740668,1.5,1.75,83.33333333333334,90.0,90.0,15,50.0,7,23.333333333333332,3,10.0,2,6.666666666666667,0,0.0,3,10.0,2.466666666666667,1.7838784213679537,2.0,2.0,80.0,83.33333333333334,83.33333333333334,13,43.333333333333336,6,20.0,5,16.666666666666664,1,3.3333333333333335,0,0.0,5,16.666666666666664
